country,continent,year,life_exp,income,population
Afghanistan,Asia,1952,28.801,779.4453145,8425333
Afghanistan,Asia,1957,30.332,820.8530296,9240934
Afghanistan,Asia,1962,31.997,853.10071,10267083
Afghanistan,Asia,1967,34.02,836.1971382,11537966
Afghanistan,Asia,1972,36.088,739.9811058,13079460
Afghanistan,Asia,1977,38.438,786.11336,14880372
Afghanistan,Asia,1982,39.854,978.0114388,12881816
Afghanistan,Asia,1987,40.822,852.3959448,13867957
Afghanistan,Asia,1992,41.674,649.3413952,16317921
Afghanistan,Asia,1997,41.763,635.341351,22227415
Afghanistan,Asia,2002,42.129,726.7340548,25268405
Afghanistan,Asia,2007,43.828,974.5803384,31889923
Albania,Europe,1952,55.23,1601.056136,1282697
Albania,Europe,1957,59.28,1942.284244,1476505
Albania,Europe,1962,64.82,2312.888958,1728137
Albania,Europe,1967,66.22,2760.196931,1984060
Albania,Europe,1972,67.69,3313.422188,2263554
Albania,Europe,1977,68.93,3533.00391,2509048
Albania,Europe,1982,70.42,3630.880722,2780097
Albania,Europe,1987,72,3738.932735,3075321
Albania,Europe,1992,71.581,2497.437901,3326498
Albania,Europe,1997,72.95,3193.054604,3428038
Albania,Europe,2002,75.651,4604.211737,3508512
Albania,Europe,2007,76.423,5937.029526,3600523
Algeria,Africa,1952,43.077,2449.008185,9279525
Algeria,Africa,1957,45.685,3013.976023,10270856
Algeria,Africa,1962,48.303,2550.81688,11000948
Algeria,Africa,1967,51.407,3246.991771,12760499
Algeria,Africa,1972,54.518,4182.663766,14760787
Algeria,Africa,1977,58.014,4910.416756,17152804
Algeria,Africa,1982,61.368,5745.160213,20033753
Algeria,Africa,1987,65.799,5681.358539,23254956
Algeria,Africa,1992,67.744,5023.216647,26298373
Algeria,Africa,1997,69.152,4797.295051,29072015
Algeria,Africa,2002,70.994,5288.040382,31287142
Algeria,Africa,2007,72.301,6223.367465,33333216
Angola,Africa,1952,30.015,3520.610273,4232095
Angola,Africa,1957,31.999,3827.940465,4561361
Angola,Africa,1962,34,4269.276742,4826015
Angola,Africa,1967,35.985,5522.776375,5247469
Angola,Africa,1972,37.928,5473.288005,5894858
Angola,Africa,1977,39.483,3008.647355,6162675
Angola,Africa,1982,39.942,2756.953672,7016384
Angola,Africa,1987,39.906,2430.208311,7874230
Angola,Africa,1992,40.647,2627.845685,8735988
Angola,Africa,1997,40.963,2277.140884,9875024
Angola,Africa,2002,41.003,2773.287312,10866106
Angola,Africa,2007,42.731,4797.231267,12420476
Argentina,Americas,1952,62.485,5911.315053,17876956
Argentina,Americas,1957,64.399,6856.856212,19610538
Argentina,Americas,1962,65.142,7133.166023,21283783
Argentina,Americas,1967,65.634,8052.953021,22934225
Argentina,Americas,1972,67.065,9443.038526,24779799
Argentina,Americas,1977,68.481,10079.02674,26983828
Argentina,Americas,1982,69.942,8997.897412,29341374
Argentina,Americas,1987,70.774,9139.671389,31620918
Argentina,Americas,1992,71.868,9308.41871,33958947
Argentina,Americas,1997,73.275,10967.28195,36203463
Argentina,Americas,2002,74.34,8797.640716,38331121
Argentina,Americas,2007,75.32,12779.37964,40301927
Australia,Oceania,1952,69.12,10039.59564,8691212
Australia,Oceania,1957,70.33,10949.64959,9712569
Australia,Oceania,1962,70.93,12217.22686,10794968
Australia,Oceania,1967,71.1,14526.12465,11872264
Australia,Oceania,1972,71.93,16788.62948,13177000
Australia,Oceania,1977,73.49,18334.19751,14074100
Australia,Oceania,1982,74.74,19477.00928,15184200
Australia,Oceania,1987,76.32,21888.88903,16257249
Australia,Oceania,1992,77.56,23424.76683,17481977
Australia,Oceania,1997,78.83,26997.93657,18565243
Australia,Oceania,2002,80.37,30687.75473,19546792
Australia,Oceania,2007,81.235,34435.36744,20434176
Austria,Europe,1952,66.8,6137.076492,6927772
Austria,Europe,1957,67.48,8842.59803,6965860
Austria,Europe,1962,69.54,10750.72111,7129864
Austria,Europe,1967,70.14,12834.6024,7376998
Austria,Europe,1972,70.63,16661.6256,7544201
Austria,Europe,1977,72.17,19749.4223,7568430
Austria,Europe,1982,73.18,21597.08362,7574613
Austria,Europe,1987,74.94,23687.82607,7578903
Austria,Europe,1992,76.04,27042.01868,7914969
Austria,Europe,1997,77.51,29095.92066,8069876
Austria,Europe,2002,78.98,32417.60769,8148312
Austria,Europe,2007,79.829,36126.4927,8199783
Bahrain,Asia,1952,50.939,9867.084765,120447
Bahrain,Asia,1957,53.832,11635.79945,138655
Bahrain,Asia,1962,56.923,12753.27514,171863
Bahrain,Asia,1967,59.923,14804.6727,202182
Bahrain,Asia,1972,63.3,18268.65839,230800
Bahrain,Asia,1977,65.593,19340.10196,297410
Bahrain,Asia,1982,69.052,19211.14731,377967
Bahrain,Asia,1987,70.75,18524.02406,454612
Bahrain,Asia,1992,72.601,19035.57917,529491
Bahrain,Asia,1997,73.925,20292.01679,598561
Bahrain,Asia,2002,74.795,23403.55927,656397
Bahrain,Asia,2007,75.635,29796.04834,708573
Bangladesh,Asia,1952,37.484,684.2441716,46886859
Bangladesh,Asia,1957,39.348,661.6374577,51365468
Bangladesh,Asia,1962,41.216,686.3415538,56839289
Bangladesh,Asia,1967,43.453,721.1860862,62821884
Bangladesh,Asia,1972,45.252,630.2336265,70759295
Bangladesh,Asia,1977,46.923,659.8772322,80428306
Bangladesh,Asia,1982,50.009,676.9818656,93074406
Bangladesh,Asia,1987,52.819,751.9794035,103764241
Bangladesh,Asia,1992,56.018,837.8101643,113704579
Bangladesh,Asia,1997,59.412,972.7700352,123315288
Bangladesh,Asia,2002,62.013,1136.39043,135656790
Bangladesh,Asia,2007,64.062,1391.253792,150448339
Belgium,Europe,1952,68,8343.105127,8730405
Belgium,Europe,1957,69.24,9714.960623,8989111
Belgium,Europe,1962,70.25,10991.20676,9218400
Belgium,Europe,1967,70.94,13149.04119,9556500
Belgium,Europe,1972,71.44,16672.14356,9709100
Belgium,Europe,1977,72.8,19117.97448,9821800
Belgium,Europe,1982,73.93,20979.84589,9856303
Belgium,Europe,1987,75.35,22525.56308,9870200
Belgium,Europe,1992,76.46,25575.57069,10045622
Belgium,Europe,1997,77.53,27561.19663,10199787
Belgium,Europe,2002,78.32,30485.88375,10311970
Belgium,Europe,2007,79.441,33692.60508,10392226
Benin,Africa,1952,38.223,1062.7522,1738315
Benin,Africa,1957,40.358,959.6010805,1925173
Benin,Africa,1962,42.618,949.4990641,2151895
Benin,Africa,1967,44.885,1035.831411,2427334
Benin,Africa,1972,47.014,1085.796879,2761407
Benin,Africa,1977,49.19,1029.161251,3168267
Benin,Africa,1982,50.904,1277.897616,3641603
Benin,Africa,1987,52.337,1225.85601,4243788
Benin,Africa,1992,53.919,1191.207681,4981671
Benin,Africa,1997,54.777,1232.975292,6066080
Benin,Africa,2002,54.406,1372.877931,7026113
Benin,Africa,2007,56.728,1441.284873,8078314
Bolivia,Americas,1952,40.414,2677.326347,2883315
Bolivia,Americas,1957,41.89,2127.686326,3211738
Bolivia,Americas,1962,43.428,2180.972546,3593918
Bolivia,Americas,1967,45.032,2586.886053,4040665
Bolivia,Americas,1972,46.714,2980.331339,4565872
Bolivia,Americas,1977,50.023,3548.097832,5079716
Bolivia,Americas,1982,53.859,3156.510452,5642224
Bolivia,Americas,1987,57.251,2753.69149,6156369
Bolivia,Americas,1992,59.957,2961.699694,6893451
Bolivia,Americas,1997,62.05,3326.143191,7693188
Bolivia,Americas,2002,63.883,3413.26269,8445134
Bolivia,Americas,2007,65.554,3822.137084,9119152
Bosnia and Herzegovina,Europe,1952,53.82,973.5331948,2791000
Bosnia and Herzegovina,Europe,1957,58.45,1353.989176,3076000
Bosnia and Herzegovina,Europe,1962,61.93,1709.683679,3349000
Bosnia and Herzegovina,Europe,1967,64.79,2172.352423,3585000
Bosnia and Herzegovina,Europe,1972,67.45,2860.16975,3819000
Bosnia and Herzegovina,Europe,1977,69.86,3528.481305,4086000
Bosnia and Herzegovina,Europe,1982,70.69,4126.613157,4172693
Bosnia and Herzegovina,Europe,1987,71.14,4314.114757,4338977
Bosnia and Herzegovina,Europe,1992,72.178,2546.781445,4256013
Bosnia and Herzegovina,Europe,1997,73.244,4766.355904,3607000
Bosnia and Herzegovina,Europe,2002,74.09,6018.975239,4165416
Bosnia and Herzegovina,Europe,2007,74.852,7446.298803,4552198
Botswana,Africa,1952,47.622,851.2411407,442308
Botswana,Africa,1957,49.618,918.2325349,474639
Botswana,Africa,1962,51.52,983.6539764,512764
Botswana,Africa,1967,53.298,1214.709294,553541
Botswana,Africa,1972,56.024,2263.611114,619351
Botswana,Africa,1977,59.319,3214.857818,781472
Botswana,Africa,1982,61.484,4551.14215,970347
Botswana,Africa,1987,63.622,6205.88385,1151184
Botswana,Africa,1992,62.745,7954.111645,1342614
Botswana,Africa,1997,52.556,8647.142313,1536536
Botswana,Africa,2002,46.634,11003.60508,1630347
Botswana,Africa,2007,50.728,12569.85177,1639131
Brazil,Americas,1952,50.917,2108.944355,56602560
Brazil,Americas,1957,53.285,2487.365989,65551171
Brazil,Americas,1962,55.665,3336.585802,76039390
Brazil,Americas,1967,57.632,3429.864357,88049823
Brazil,Americas,1972,59.504,4985.711467,100840058
Brazil,Americas,1977,61.489,6660.118654,114313951
Brazil,Americas,1982,63.336,7030.835878,128962939
Brazil,Americas,1987,65.205,7807.095818,142938076
Brazil,Americas,1992,67.057,6950.283021,155975974
Brazil,Americas,1997,69.388,7957.980824,168546719
Brazil,Americas,2002,71.006,8131.212843,179914212
Brazil,Americas,2007,72.39,9065.800825,190010647
Bulgaria,Europe,1952,59.6,2444.286648,7274900
Bulgaria,Europe,1957,66.61,3008.670727,7651254
Bulgaria,Europe,1962,69.51,4254.337839,8012946
Bulgaria,Europe,1967,70.42,5577.0028,8310226
Bulgaria,Europe,1972,70.9,6597.494398,8576200
Bulgaria,Europe,1977,70.81,7612.240438,8797022
Bulgaria,Europe,1982,71.08,8224.191647,8892098
Bulgaria,Europe,1987,71.34,8239.854824,8971958
Bulgaria,Europe,1992,71.19,6302.623438,8658506
Bulgaria,Europe,1997,70.32,5970.38876,8066057
Bulgaria,Europe,2002,72.14,7696.777725,7661799
Bulgaria,Europe,2007,73.005,10680.79282,7322858
Burkina Faso,Africa,1952,31.975,543.2552413,4469979
Burkina Faso,Africa,1957,34.906,617.1834648,4713416
Burkina Faso,Africa,1962,37.814,722.5120206,4919632
Burkina Faso,Africa,1967,40.697,794.8265597,5127935
Burkina Faso,Africa,1972,43.591,854.7359763,5433886
Burkina Faso,Africa,1977,46.137,743.3870368,5889574
Burkina Faso,Africa,1982,48.122,807.1985855,6634596
Burkina Faso,Africa,1987,49.557,912.0631417,7586551
Burkina Faso,Africa,1992,50.26,931.7527731,8878303
Burkina Faso,Africa,1997,50.324,946.2949618,10352843
Burkina Faso,Africa,2002,50.65,1037.645221,12251209
Burkina Faso,Africa,2007,52.295,1217.032994,14326203
Burundi,Africa,1952,39.031,339.2964587,2445618
Burundi,Africa,1957,40.533,379.5646281,2667518
Burundi,Africa,1962,42.045,355.2032273,2961915
Burundi,Africa,1967,43.548,412.9775136,3330989
Burundi,Africa,1972,44.057,464.0995039,3529983
Burundi,Africa,1977,45.91,556.1032651,3834415
Burundi,Africa,1982,47.471,559.603231,4580410
Burundi,Africa,1987,48.211,621.8188189,5126023
Burundi,Africa,1992,44.736,631.6998778,5809236
Burundi,Africa,1997,45.326,463.1151478,6121610
Burundi,Africa,2002,47.36,446.4035126,7021078
Burundi,Africa,2007,49.58,430.0706916,8390505
Cambodia,Asia,1952,39.417,368.4692856,4693836
Cambodia,Asia,1957,41.366,434.0383364,5322536
Cambodia,Asia,1962,43.415,496.9136476,6083619
Cambodia,Asia,1967,45.415,523.4323142,6960067
Cambodia,Asia,1972,40.317,421.6240257,7450606
Cambodia,Asia,1977,31.22,524.9721832,6978607
Cambodia,Asia,1982,50.957,624.4754784,7272485
Cambodia,Asia,1987,53.914,683.8955732,8371791
Cambodia,Asia,1992,55.803,682.3031755,10150094
Cambodia,Asia,1997,56.534,734.28517,11782962
Cambodia,Asia,2002,56.752,896.2260153,12926707
Cambodia,Asia,2007,59.723,1713.778686,14131858
Cameroon,Africa,1952,38.523,1172.667655,5009067
Cameroon,Africa,1957,40.428,1313.048099,5359923
Cameroon,Africa,1962,42.643,1399.607441,5793633
Cameroon,Africa,1967,44.799,1508.453148,6335506
Cameroon,Africa,1972,47.049,1684.146528,7021028
Cameroon,Africa,1977,49.355,1783.432873,7959865
Cameroon,Africa,1982,52.961,2367.983282,9250831
Cameroon,Africa,1987,54.985,2602.664206,10780667
Cameroon,Africa,1992,54.314,1793.163278,12467171
Cameroon,Africa,1997,52.199,1694.337469,14195809
Cameroon,Africa,2002,49.856,1934.011449,15929988
Cameroon,Africa,2007,50.43,2042.09524,17696293
Canada,Americas,1952,68.75,11367.16112,14785584
Canada,Americas,1957,69.96,12489.95006,17010154
Canada,Americas,1962,71.3,13462.48555,18985849
Canada,Americas,1967,72.13,16076.58803,20819767
Canada,Americas,1972,72.88,18970.57086,22284500
Canada,Americas,1977,74.21,22090.88306,23796400
Canada,Americas,1982,75.76,22898.79214,25201900
Canada,Americas,1987,76.86,26626.51503,26549700
Canada,Americas,1992,77.95,26342.88426,28523502
Canada,Americas,1997,78.61,28954.92589,30305843
Canada,Americas,2002,79.77,33328.96507,31902268
Canada,Americas,2007,80.653,36319.23501,33390141
Central African Republic,Africa,1952,35.463,1071.310713,1291695
Central African Republic,Africa,1957,37.464,1190.844328,1392284
Central African Republic,Africa,1962,39.475,1193.068753,1523478
Central African Republic,Africa,1967,41.478,1136.056615,1733638
Central African Republic,Africa,1972,43.457,1070.013275,1927260
Central African Republic,Africa,1977,46.775,1109.374338,2167533
Central African Republic,Africa,1982,48.295,956.7529907,2476971
Central African Republic,Africa,1987,50.485,844.8763504,2840009
Central African Republic,Africa,1992,49.396,747.9055252,3265124
Central African Republic,Africa,1997,46.066,740.5063317,3696513
Central African Republic,Africa,2002,43.308,738.6906068,4048013
Central African Republic,Africa,2007,44.741,706.016537,4369038
Chad,Africa,1952,38.092,1178.665927,2682462
Chad,Africa,1957,39.881,1308.495577,2894855
Chad,Africa,1962,41.716,1389.817618,3150417
Chad,Africa,1967,43.601,1196.810565,3495967
Chad,Africa,1972,45.569,1104.103987,3899068
Chad,Africa,1977,47.383,1133.98495,4388260
Chad,Africa,1982,49.517,797.9081006,4875118
Chad,Africa,1987,51.051,952.386129,5498955
Chad,Africa,1992,51.724,1058.0643,6429417
Chad,Africa,1997,51.573,1004.961353,7562011
Chad,Africa,2002,50.525,1156.18186,8835739
Chad,Africa,2007,50.651,1704.063724,10238807
Chile,Americas,1952,54.745,3939.978789,6377619
Chile,Americas,1957,56.074,4315.622723,7048426
Chile,Americas,1962,57.924,4519.094331,7961258
Chile,Americas,1967,60.523,5106.654313,8858908
Chile,Americas,1972,63.441,5494.024437,9717524
Chile,Americas,1977,67.052,4756.763836,10599793
Chile,Americas,1982,70.565,5095.665738,11487112
Chile,Americas,1987,72.492,5547.063754,12463354
Chile,Americas,1992,74.126,7596.125964,13572994
Chile,Americas,1997,75.816,10118.05318,14599929
Chile,Americas,2002,77.86,10778.78385,15497046
Chile,Americas,2007,78.553,13171.63885,16284741
China,Asia,1952,44,400.448611,556263527
China,Asia,1957,50.54896,575.9870009,637408000
China,Asia,1962,44.50136,487.6740183,665770000
China,Asia,1967,58.38112,612.7056934,754550000
China,Asia,1972,63.11888,676.9000921,862030000
China,Asia,1977,63.96736,741.2374699,943455000
China,Asia,1982,65.525,962.4213805,1000281000
China,Asia,1987,67.274,1378.904018,1084035000
China,Asia,1992,68.69,1655.784158,1164970000
China,Asia,1997,70.426,2289.234136,1230075000
China,Asia,2002,72.028,3119.280896,1280400000
China,Asia,2007,72.961,4959.114854,1318683096
Colombia,Americas,1952,50.643,2144.115096,12350771
Colombia,Americas,1957,55.118,2323.805581,14485993
Colombia,Americas,1962,57.863,2492.351109,17009885
Colombia,Americas,1967,59.963,2678.729839,19764027
Colombia,Americas,1972,61.623,3264.660041,22542890
Colombia,Americas,1977,63.837,3815.80787,25094412
Colombia,Americas,1982,66.653,4397.575659,27764644
Colombia,Americas,1987,67.768,4903.2191,30964245
Colombia,Americas,1992,68.421,5444.648617,34202721
Colombia,Americas,1997,70.313,6117.361746,37657830
Colombia,Americas,2002,71.682,5755.259962,41008227
Colombia,Americas,2007,72.889,7006.580419,44227550
Comoros,Africa,1952,40.715,1102.990936,153936
Comoros,Africa,1957,42.46,1211.148548,170928
Comoros,Africa,1962,44.467,1406.648278,191689
Comoros,Africa,1967,46.472,1876.029643,217378
Comoros,Africa,1972,48.944,1937.577675,250027
Comoros,Africa,1977,50.939,1172.603047,304739
Comoros,Africa,1982,52.933,1267.100083,348643
Comoros,Africa,1987,54.926,1315.980812,395114
Comoros,Africa,1992,57.939,1246.90737,454429
Comoros,Africa,1997,60.66,1173.618235,527982
Comoros,Africa,2002,62.974,1075.811558,614382
Comoros,Africa,2007,65.152,986.1478792,710960
"Congo, Dem. Rep.",Africa,1952,39.143,780.5423257,14100005
"Congo, Dem. Rep.",Africa,1957,40.652,905.8602303,15577932
"Congo, Dem. Rep.",Africa,1962,42.122,896.3146335,17486434
"Congo, Dem. Rep.",Africa,1967,44.056,861.5932424,19941073
"Congo, Dem. Rep.",Africa,1972,45.989,904.8960685,23007669
"Congo, Dem. Rep.",Africa,1977,47.804,795.757282,26480870
"Congo, Dem. Rep.",Africa,1982,47.784,673.7478181,30646495
"Congo, Dem. Rep.",Africa,1987,47.412,672.774812,35481645
"Congo, Dem. Rep.",Africa,1992,45.548,457.7191807,41672143
"Congo, Dem. Rep.",Africa,1997,42.587,312.188423,47798986
"Congo, Dem. Rep.",Africa,2002,44.966,241.1658765,55379852
"Congo, Dem. Rep.",Africa,2007,46.462,277.5518587,64606759
"Congo, Rep.",Africa,1952,42.111,2125.621418,854885
"Congo, Rep.",Africa,1957,45.053,2315.056572,940458
"Congo, Rep.",Africa,1962,48.435,2464.783157,1047924
"Congo, Rep.",Africa,1967,52.04,2677.939642,1179760
"Congo, Rep.",Africa,1972,54.907,3213.152683,1340458
"Congo, Rep.",Africa,1977,55.625,3259.178978,1536769
"Congo, Rep.",Africa,1982,56.695,4879.507522,1774735
"Congo, Rep.",Africa,1987,57.47,4201.194937,2064095
"Congo, Rep.",Africa,1992,56.433,4016.239529,2409073
"Congo, Rep.",Africa,1997,52.962,3484.164376,2800947
"Congo, Rep.",Africa,2002,52.97,3484.06197,3328795
"Congo, Rep.",Africa,2007,55.322,3632.557798,3800610
Costa Rica,Americas,1952,57.206,2627.009471,926317
Costa Rica,Americas,1957,60.026,2990.010802,1112300
Costa Rica,Americas,1962,62.842,3460.937025,1345187
Costa Rica,Americas,1967,65.424,4161.727834,1588717
Costa Rica,Americas,1972,67.849,5118.146939,1834796
Costa Rica,Americas,1977,70.75,5926.876967,2108457
Costa Rica,Americas,1982,73.45,5262.734751,2424367
Costa Rica,Americas,1987,74.752,5629.915318,2799811
Costa Rica,Americas,1992,75.713,6160.416317,3173216
Costa Rica,Americas,1997,77.26,6677.045314,3518107
Costa Rica,Americas,2002,78.123,7723.447195,3834934
Costa Rica,Americas,2007,78.782,9645.06142,4133884
Cote d'Ivoire,Africa,1952,40.477,1388.594732,2977019
Cote d'Ivoire,Africa,1957,42.469,1500.895925,3300000
Cote d'Ivoire,Africa,1962,44.93,1728.869428,3832408
Cote d'Ivoire,Africa,1967,47.35,2052.050473,4744870
Cote d'Ivoire,Africa,1972,49.801,2378.201111,6071696
Cote d'Ivoire,Africa,1977,52.374,2517.736547,7459574
Cote d'Ivoire,Africa,1982,53.983,2602.710169,9025951
Cote d'Ivoire,Africa,1987,54.655,2156.956069,10761098
Cote d'Ivoire,Africa,1992,52.044,1648.073791,12772596
Cote d'Ivoire,Africa,1997,47.991,1786.265407,14625967
Cote d'Ivoire,Africa,2002,46.832,1648.800823,16252726
Cote d'Ivoire,Africa,2007,48.328,1544.750112,18013409
Croatia,Europe,1952,61.21,3119.23652,3882229
Croatia,Europe,1957,64.77,4338.231617,3991242
Croatia,Europe,1962,67.13,5477.890018,4076557
Croatia,Europe,1967,68.5,6960.297861,4174366
Croatia,Europe,1972,69.61,9164.090127,4225310
Croatia,Europe,1977,70.64,11305.38517,4318673
Croatia,Europe,1982,70.46,13221.82184,4413368
Croatia,Europe,1987,71.52,13822.58394,4484310
Croatia,Europe,1992,72.527,8447.794873,4494013
Croatia,Europe,1997,73.68,9875.604515,4444595
Croatia,Europe,2002,74.876,11628.38895,4481020
Croatia,Europe,2007,75.748,14619.22272,4493312
Cuba,Americas,1952,59.421,5586.53878,6007797
Cuba,Americas,1957,62.325,6092.174359,6640752
Cuba,Americas,1962,65.246,5180.75591,7254373
Cuba,Americas,1967,68.29,5690.268015,8139332
Cuba,Americas,1972,70.723,5305.445256,8831348
Cuba,Americas,1977,72.649,6380.494966,9537988
Cuba,Americas,1982,73.717,7316.918107,9789224
Cuba,Americas,1987,74.174,7532.924763,10239839
Cuba,Americas,1992,74.414,5592.843963,10723260
Cuba,Americas,1997,76.151,5431.990415,10983007
Cuba,Americas,2002,77.158,6340.646683,11226999
Cuba,Americas,2007,78.273,8948.102923,11416987
Czech Republic,Europe,1952,66.87,6876.14025,9125183
Czech Republic,Europe,1957,69.03,8256.343918,9513758
Czech Republic,Europe,1962,69.9,10136.86713,9620282
Czech Republic,Europe,1967,70.38,11399.44489,9835109
Czech Republic,Europe,1972,70.29,13108.4536,9862158
Czech Republic,Europe,1977,70.71,14800.16062,10161915
Czech Republic,Europe,1982,70.96,15377.22855,10303704
Czech Republic,Europe,1987,71.58,16310.4434,10311597
Czech Republic,Europe,1992,72.4,14297.02122,10315702
Czech Republic,Europe,1997,74.01,16048.51424,10300707
Czech Republic,Europe,2002,75.51,17596.21022,10256295
Czech Republic,Europe,2007,76.486,22833.30851,10228744
Denmark,Europe,1952,70.78,9692.385245,4334000
Denmark,Europe,1957,71.81,11099.65935,4487831
Denmark,Europe,1962,72.35,13583.31351,4646899
Denmark,Europe,1967,72.96,15937.21123,4838800
Denmark,Europe,1972,73.47,18866.20721,4991596
Denmark,Europe,1977,74.69,20422.9015,5088419
Denmark,Europe,1982,74.63,21688.04048,5117810
Denmark,Europe,1987,74.8,25116.17581,5127024
Denmark,Europe,1992,75.33,26406.73985,5171393
Denmark,Europe,1997,76.11,29804.34567,5283663
Denmark,Europe,2002,77.18,32166.50006,5374693
Denmark,Europe,2007,78.332,35278.41874,5468120
Djibouti,Africa,1952,34.812,2669.529475,63149
Djibouti,Africa,1957,37.328,2864.969076,71851
Djibouti,Africa,1962,39.693,3020.989263,89898
Djibouti,Africa,1967,42.074,3020.050513,127617
Djibouti,Africa,1972,44.366,3694.212352,178848
Djibouti,Africa,1977,46.519,3081.761022,228694
Djibouti,Africa,1982,48.812,2879.468067,305991
Djibouti,Africa,1987,50.04,2880.102568,311025
Djibouti,Africa,1992,51.604,2377.156192,384156
Djibouti,Africa,1997,53.157,1895.016984,417908
Djibouti,Africa,2002,53.373,1908.260867,447416
Djibouti,Africa,2007,54.791,2082.481567,496374
Dominican Republic,Americas,1952,45.928,1397.717137,2491346
Dominican Republic,Americas,1957,49.828,1544.402995,2923186
Dominican Republic,Americas,1962,53.459,1662.137359,3453434
Dominican Republic,Americas,1967,56.751,1653.723003,4049146
Dominican Republic,Americas,1972,59.631,2189.874499,4671329
Dominican Republic,Americas,1977,61.788,2681.9889,5302800
Dominican Republic,Americas,1982,63.727,2861.092386,5968349
Dominican Republic,Americas,1987,66.046,2899.842175,6655297
Dominican Republic,Americas,1992,68.457,3044.214214,7351181
Dominican Republic,Americas,1997,69.957,3614.101285,7992357
Dominican Republic,Americas,2002,70.847,4563.808154,8650322
Dominican Republic,Americas,2007,72.235,6025.374752,9319622
Ecuador,Americas,1952,48.357,3522.110717,3548753
Ecuador,Americas,1957,51.356,3780.546651,4058385
Ecuador,Americas,1962,54.64,4086.114078,4681707
Ecuador,Americas,1967,56.678,4579.074215,5432424
Ecuador,Americas,1972,58.796,5280.99471,6298651
Ecuador,Americas,1977,61.31,6679.62326,7278866
Ecuador,Americas,1982,64.342,7213.791267,8365850
Ecuador,Americas,1987,67.231,6481.776993,9545158
Ecuador,Americas,1992,69.613,7103.702595,10748394
Ecuador,Americas,1997,72.312,7429.455877,11911819
Ecuador,Americas,2002,74.173,5773.044512,12921234
Ecuador,Americas,2007,74.994,6873.262326,13755680
Egypt,Africa,1952,41.893,1418.822445,22223309
Egypt,Africa,1957,44.444,1458.915272,25009741
Egypt,Africa,1962,46.992,1693.335853,28173309
Egypt,Africa,1967,49.293,1814.880728,31681188
Egypt,Africa,1972,51.137,2024.008147,34807417
Egypt,Africa,1977,53.319,2785.493582,38783863
Egypt,Africa,1982,56.006,3503.729636,45681811
Egypt,Africa,1987,59.797,3885.46071,52799062
Egypt,Africa,1992,63.674,3794.755195,59402198
Egypt,Africa,1997,67.217,4173.181797,66134291
Egypt,Africa,2002,69.806,4754.604414,73312559
Egypt,Africa,2007,71.338,5581.180998,80264543
El Salvador,Americas,1952,45.262,3048.3029,2042865
El Salvador,Americas,1957,48.57,3421.523218,2355805
El Salvador,Americas,1962,52.307,3776.803627,2747687
El Salvador,Americas,1967,55.855,4358.595393,3232927
El Salvador,Americas,1972,58.207,4520.246008,3790903
El Salvador,Americas,1977,56.696,5138.922374,4282586
El Salvador,Americas,1982,56.604,4098.344175,4474873
El Salvador,Americas,1987,63.154,4140.442097,4842194
El Salvador,Americas,1992,66.798,4444.2317,5274649
El Salvador,Americas,1997,69.535,5154.825496,5783439
El Salvador,Americas,2002,70.734,5351.568666,6353681
El Salvador,Americas,2007,71.878,5728.353514,6939688
Equatorial Guinea,Africa,1952,34.482,375.6431231,216964
Equatorial Guinea,Africa,1957,35.983,426.0964081,232922
Equatorial Guinea,Africa,1962,37.485,582.8419714,249220
Equatorial Guinea,Africa,1967,38.987,915.5960025,259864
Equatorial Guinea,Africa,1972,40.516,672.4122571,277603
Equatorial Guinea,Africa,1977,42.024,958.5668124,192675
Equatorial Guinea,Africa,1982,43.662,927.8253427,285483
Equatorial Guinea,Africa,1987,45.664,966.8968149,341244
Equatorial Guinea,Africa,1992,47.545,1132.055034,387838
Equatorial Guinea,Africa,1997,48.245,2814.480755,439971
Equatorial Guinea,Africa,2002,49.348,7703.4959,495627
Equatorial Guinea,Africa,2007,51.579,12154.08975,551201
Eritrea,Africa,1952,35.928,328.9405571,1438760
Eritrea,Africa,1957,38.047,344.1618859,1542611
Eritrea,Africa,1962,40.158,380.9958433,1666618
Eritrea,Africa,1967,42.189,468.7949699,1820319
Eritrea,Africa,1972,44.142,514.3242082,2260187
Eritrea,Africa,1977,44.535,505.7538077,2512642
Eritrea,Africa,1982,43.89,524.8758493,2637297
Eritrea,Africa,1987,46.453,521.1341333,2915959
Eritrea,Africa,1992,49.991,582.8585102,3668440
Eritrea,Africa,1997,53.378,913.47079,4058319
Eritrea,Africa,2002,55.24,765.3500015,4414865
Eritrea,Africa,2007,58.04,641.3695236,4906585
Ethiopia,Africa,1952,34.078,362.1462796,20860941
Ethiopia,Africa,1957,36.667,378.9041632,22815614
Ethiopia,Africa,1962,40.059,419.4564161,25145372
Ethiopia,Africa,1967,42.115,516.1186438,27860297
Ethiopia,Africa,1972,43.515,566.2439442,30770372
Ethiopia,Africa,1977,44.51,556.8083834,34617799
Ethiopia,Africa,1982,44.916,577.8607471,38111756
Ethiopia,Africa,1987,46.684,573.7413142,42999530
Ethiopia,Africa,1992,48.091,421.3534653,52088559
Ethiopia,Africa,1997,49.402,515.8894013,59861301
Ethiopia,Africa,2002,50.725,530.0535319,67946797
Ethiopia,Africa,2007,52.947,690.8055759,76511887
Finland,Europe,1952,66.55,6424.519071,4090500
Finland,Europe,1957,67.49,7545.415386,4324000
Finland,Europe,1962,68.75,9371.842561,4491443
Finland,Europe,1967,69.83,10921.63626,4605744
Finland,Europe,1972,70.87,14358.8759,4639657
Finland,Europe,1977,72.52,15605.42283,4738902
Finland,Europe,1982,74.55,18533.15761,4826933
Finland,Europe,1987,74.83,21141.01223,4931729
Finland,Europe,1992,75.7,20647.16499,5041039
Finland,Europe,1997,77.13,23723.9502,5134406
Finland,Europe,2002,78.37,28204.59057,5193039
Finland,Europe,2007,79.313,33207.0844,5238460
France,Europe,1952,67.41,7029.809327,42459667
France,Europe,1957,68.93,8662.834898,44310863
France,Europe,1962,70.51,10560.48553,47124000
France,Europe,1967,71.55,12999.91766,49569000
France,Europe,1972,72.38,16107.19171,51732000
France,Europe,1977,73.83,18292.63514,53165019
France,Europe,1982,74.89,20293.89746,54433565
France,Europe,1987,76.34,22066.44214,55630100
France,Europe,1992,77.46,24703.79615,57374179
France,Europe,1997,78.64,25889.78487,58623428
France,Europe,2002,79.59,28926.03234,59925035
France,Europe,2007,80.657,30470.0167,61083916
Gabon,Africa,1952,37.003,4293.476475,420702
Gabon,Africa,1957,38.999,4976.198099,434904
Gabon,Africa,1962,40.489,6631.459222,455661
Gabon,Africa,1967,44.598,8358.761987,489004
Gabon,Africa,1972,48.69,11401.94841,537977
Gabon,Africa,1977,52.79,21745.57328,706367
Gabon,Africa,1982,56.564,15113.36194,753874
Gabon,Africa,1987,60.19,11864.40844,880397
Gabon,Africa,1992,61.366,13522.15752,985739
Gabon,Africa,1997,60.461,14722.84188,1126189
Gabon,Africa,2002,56.761,12521.71392,1299304
Gabon,Africa,2007,56.735,13206.48452,1454867
Gambia,Africa,1952,30,485.2306591,284320
Gambia,Africa,1957,32.065,520.9267111,323150
Gambia,Africa,1962,33.896,599.650276,374020
Gambia,Africa,1967,35.857,734.7829124,439593
Gambia,Africa,1972,38.308,756.0868363,517101
Gambia,Africa,1977,41.842,884.7552507,608274
Gambia,Africa,1982,45.58,835.8096108,715523
Gambia,Africa,1987,49.265,611.6588611,848406
Gambia,Africa,1992,52.644,665.6244126,1025384
Gambia,Africa,1997,55.861,653.7301704,1235767
Gambia,Africa,2002,58.041,660.5855997,1457766
Gambia,Africa,2007,59.448,752.7497265,1688359
Germany,Europe,1952,67.5,7144.114393,69145952
Germany,Europe,1957,69.1,10187.82665,71019069
Germany,Europe,1962,70.3,12902.46291,73739117
Germany,Europe,1967,70.8,14745.62561,76368453
Germany,Europe,1972,71,18016.18027,78717088
Germany,Europe,1977,72.5,20512.92123,78160773
Germany,Europe,1982,73.8,22031.53274,78335266
Germany,Europe,1987,74.847,24639.18566,77718298
Germany,Europe,1992,76.07,26505.30317,80597764
Germany,Europe,1997,77.34,27788.88416,82011073
Germany,Europe,2002,78.67,30035.80198,82350671
Germany,Europe,2007,79.406,32170.37442,82400996
Ghana,Africa,1952,43.149,911.2989371,5581001
Ghana,Africa,1957,44.779,1043.561537,6391288
Ghana,Africa,1962,46.452,1190.041118,7355248
Ghana,Africa,1967,48.072,1125.69716,8490213
Ghana,Africa,1972,49.875,1178.223708,9354120
Ghana,Africa,1977,51.756,993.2239571,10538093
Ghana,Africa,1982,53.744,876.032569,11400338
Ghana,Africa,1987,55.729,847.0061135,14168101
Ghana,Africa,1992,57.501,925.060154,16278738
Ghana,Africa,1997,58.556,1005.245812,18418288
Ghana,Africa,2002,58.453,1111.984578,20550751
Ghana,Africa,2007,60.022,1327.60891,22873338
Greece,Europe,1952,65.86,3530.690067,7733250
Greece,Europe,1957,67.86,4916.299889,8096218
Greece,Europe,1962,69.51,6017.190733,8448233
Greece,Europe,1967,71,8513.097016,8716441
Greece,Europe,1972,72.34,12724.82957,8888628
Greece,Europe,1977,73.68,14195.52428,9308479
Greece,Europe,1982,75.24,15268.42089,9786480
Greece,Europe,1987,76.67,16120.52839,9974490
Greece,Europe,1992,77.03,17541.49634,10325429
Greece,Europe,1997,77.869,18747.69814,10502372
Greece,Europe,2002,78.256,22514.2548,10603863
Greece,Europe,2007,79.483,27538.41188,10706290
Guatemala,Americas,1952,42.023,2428.237769,3146381
Guatemala,Americas,1957,44.142,2617.155967,3640876
Guatemala,Americas,1962,46.954,2750.364446,4208858
Guatemala,Americas,1967,50.016,3242.531147,4690773
Guatemala,Americas,1972,53.738,4031.408271,5149581
Guatemala,Americas,1977,56.029,4879.992748,5703430
Guatemala,Americas,1982,58.137,4820.49479,6395630
Guatemala,Americas,1987,60.782,4246.485974,7326406
Guatemala,Americas,1992,63.373,4439.45084,8486949
Guatemala,Americas,1997,66.322,4684.313807,9803875
Guatemala,Americas,2002,68.978,4858.347495,11178650
Guatemala,Americas,2007,70.259,5186.050003,12572928
Guinea,Africa,1952,33.609,510.1964923,2664249
Guinea,Africa,1957,34.558,576.2670245,2876726
Guinea,Africa,1962,35.753,686.3736739,3140003
Guinea,Africa,1967,37.197,708.7595409,3451418
Guinea,Africa,1972,38.842,741.6662307,3811387
Guinea,Africa,1977,40.762,874.6858643,4227026
Guinea,Africa,1982,42.891,857.2503577,4710497
Guinea,Africa,1987,45.552,805.5724718,5650262
Guinea,Africa,1992,48.576,794.3484384,6990574
Guinea,Africa,1997,51.455,869.4497668,8048834
Guinea,Africa,2002,53.676,945.5835837,8807818
Guinea,Africa,2007,56.007,942.6542111,9947814
Guinea-Bissau,Africa,1952,32.5,299.850319,580653
Guinea-Bissau,Africa,1957,33.489,431.7904566,601095
Guinea-Bissau,Africa,1962,34.488,522.0343725,627820
Guinea-Bissau,Africa,1967,35.492,715.5806402,601287
Guinea-Bissau,Africa,1972,36.486,820.2245876,625361
Guinea-Bissau,Africa,1977,37.465,764.7259628,745228
Guinea-Bissau,Africa,1982,39.327,838.1239671,825987
Guinea-Bissau,Africa,1987,41.245,736.4153921,927524
Guinea-Bissau,Africa,1992,43.266,745.5398706,1050938
Guinea-Bissau,Africa,1997,44.873,796.6644681,1193708
Guinea-Bissau,Africa,2002,45.504,575.7047176,1332459
Guinea-Bissau,Africa,2007,46.388,579.231743,1472041
Haiti,Americas,1952,37.579,1840.366939,3201488
Haiti,Americas,1957,40.696,1726.887882,3507701
Haiti,Americas,1962,43.59,1796.589032,3880130
Haiti,Americas,1967,46.243,1452.057666,4318137
Haiti,Americas,1972,48.042,1654.456946,4698301
Haiti,Americas,1977,49.923,1874.298931,4908554
Haiti,Americas,1982,51.461,2011.159549,5198399
Haiti,Americas,1987,53.636,1823.015995,5756203
Haiti,Americas,1992,55.089,1456.309517,6326682
Haiti,Americas,1997,56.671,1341.726931,6913545
Haiti,Americas,2002,58.137,1270.364932,7607651
Haiti,Americas,2007,60.916,1201.637154,8502814
Honduras,Americas,1952,41.912,2194.926204,1517453
Honduras,Americas,1957,44.665,2220.487682,1770390
Honduras,Americas,1962,48.041,2291.156835,2090162
Honduras,Americas,1967,50.924,2538.269358,2500689
Honduras,Americas,1972,53.884,2529.842345,2965146
Honduras,Americas,1977,57.402,3203.208066,3055235
Honduras,Americas,1982,60.909,3121.760794,3669448
Honduras,Americas,1987,64.492,3023.096699,4372203
Honduras,Americas,1992,66.399,3081.694603,5077347
Honduras,Americas,1997,67.659,3160.454906,5867957
Honduras,Americas,2002,68.565,3099.72866,6677328
Honduras,Americas,2007,70.198,3548.330846,7483763
"Hong Kong, China",Asia,1952,60.96,3054.421209,2125900
"Hong Kong, China",Asia,1957,64.75,3629.076457,2736300
"Hong Kong, China",Asia,1962,67.65,4692.648272,3305200
"Hong Kong, China",Asia,1967,70,6197.962814,3722800
"Hong Kong, China",Asia,1972,72,8315.928145,4115700
"Hong Kong, China",Asia,1977,73.6,11186.14125,4583700
"Hong Kong, China",Asia,1982,75.45,14560.53051,5264500
"Hong Kong, China",Asia,1987,76.2,20038.47269,5584510
"Hong Kong, China",Asia,1992,77.601,24757.60301,5829696
"Hong Kong, China",Asia,1997,80,28377.63219,6495918
"Hong Kong, China",Asia,2002,81.495,30209.01516,6762476
"Hong Kong, China",Asia,2007,82.208,39724.97867,6980412
Hungary,Europe,1952,64.03,5263.673816,9504000
Hungary,Europe,1957,66.41,6040.180011,9839000
Hungary,Europe,1962,67.96,7550.359877,10063000
Hungary,Europe,1967,69.5,9326.64467,10223422
Hungary,Europe,1972,69.76,10168.65611,10394091
Hungary,Europe,1977,69.95,11674.83737,10637171
Hungary,Europe,1982,69.39,12545.99066,10705535
Hungary,Europe,1987,69.58,12986.47998,10612740
Hungary,Europe,1992,69.17,10535.62855,10348684
Hungary,Europe,1997,71.04,11712.7768,10244684
Hungary,Europe,2002,72.59,14843.93556,10083313
Hungary,Europe,2007,73.338,18008.94444,9956108
Iceland,Europe,1952,72.49,7267.688428,147962
Iceland,Europe,1957,73.47,9244.001412,165110
Iceland,Europe,1962,73.68,10350.15906,182053
Iceland,Europe,1967,73.73,13319.89568,198676
Iceland,Europe,1972,74.46,15798.06362,209275
Iceland,Europe,1977,76.11,19654.96247,221823
Iceland,Europe,1982,76.99,23269.6075,233997
Iceland,Europe,1987,77.23,26923.20628,244676
Iceland,Europe,1992,78.77,25144.39201,259012
Iceland,Europe,1997,78.95,28061.09966,271192
Iceland,Europe,2002,80.5,31163.20196,288030
Iceland,Europe,2007,81.757,36180.78919,301931
India,Asia,1952,37.373,546.5657493,372000000
India,Asia,1957,40.249,590.061996,409000000
India,Asia,1962,43.605,658.3471509,454000000
India,Asia,1967,47.193,700.7706107,506000000
India,Asia,1972,50.651,724.032527,567000000
India,Asia,1977,54.208,813.337323,634000000
India,Asia,1982,56.596,855.7235377,708000000
India,Asia,1987,58.553,976.5126756,788000000
India,Asia,1992,60.223,1164.406809,872000000
India,Asia,1997,61.765,1458.817442,959000000
India,Asia,2002,62.879,1746.769454,1034172547
India,Asia,2007,64.698,2452.210407,1110396331
Indonesia,Asia,1952,37.468,749.6816546,82052000
Indonesia,Asia,1957,39.918,858.9002707,90124000
Indonesia,Asia,1962,42.518,849.2897701,99028000
Indonesia,Asia,1967,45.964,762.4317721,109343000
Indonesia,Asia,1972,49.203,1111.107907,121282000
Indonesia,Asia,1977,52.702,1382.702056,136725000
Indonesia,Asia,1982,56.159,1516.872988,153343000
Indonesia,Asia,1987,60.137,1748.356961,169276000
Indonesia,Asia,1992,62.681,2383.140898,184816000
Indonesia,Asia,1997,66.041,3119.335603,199278000
Indonesia,Asia,2002,68.588,2873.91287,211060000
Indonesia,Asia,2007,70.65,3540.651564,223547000
Iran,Asia,1952,44.869,3035.326002,17272000
Iran,Asia,1957,47.181,3290.257643,19792000
Iran,Asia,1962,49.325,4187.329802,22874000
Iran,Asia,1967,52.469,5906.731805,26538000
Iran,Asia,1972,55.234,9613.818607,30614000
Iran,Asia,1977,57.702,11888.59508,35480679
Iran,Asia,1982,59.62,7608.334602,43072751
Iran,Asia,1987,63.04,6642.881371,51889696
Iran,Asia,1992,65.742,7235.653188,60397973
Iran,Asia,1997,68.042,8263.590301,63327987
Iran,Asia,2002,69.451,9240.761975,66907826
Iran,Asia,2007,70.964,11605.71449,69453570
Iraq,Asia,1952,45.32,4129.766056,5441766
Iraq,Asia,1957,48.437,6229.333562,6248643
Iraq,Asia,1962,51.457,8341.737815,7240260
Iraq,Asia,1967,54.459,8931.459811,8519282
Iraq,Asia,1972,56.95,9576.037596,10061506
Iraq,Asia,1977,60.413,14688.23507,11882916
Iraq,Asia,1982,62.038,14517.90711,14173318
Iraq,Asia,1987,65.044,11643.57268,16543189
Iraq,Asia,1992,59.461,3745.640687,17861905
Iraq,Asia,1997,58.811,3076.239795,20775703
Iraq,Asia,2002,57.046,4390.717312,24001816
Iraq,Asia,2007,59.545,4471.061906,27499638
Ireland,Europe,1952,66.91,5210.280328,2952156
Ireland,Europe,1957,68.9,5599.077872,2878220
Ireland,Europe,1962,70.29,6631.597314,2830000
Ireland,Europe,1967,71.08,7655.568963,2900100
Ireland,Europe,1972,71.28,9530.772896,3024400
Ireland,Europe,1977,72.03,11150.98113,3271900
Ireland,Europe,1982,73.1,12618.32141,3480000
Ireland,Europe,1987,74.36,13872.86652,3539900
Ireland,Europe,1992,75.467,17558.81555,3557761
Ireland,Europe,1997,76.122,24521.94713,3667233
Ireland,Europe,2002,77.783,34077.04939,3879155
Ireland,Europe,2007,78.885,40675.99635,4109086
Israel,Asia,1952,65.39,4086.522128,1620914
Israel,Asia,1957,67.84,5385.278451,1944401
Israel,Asia,1962,69.39,7105.630706,2310904
Israel,Asia,1967,70.75,8393.741404,2693585
Israel,Asia,1972,71.63,12786.93223,3095893
Israel,Asia,1977,73.06,13306.61921,3495918
Israel,Asia,1982,74.45,15367.0292,3858421
Israel,Asia,1987,75.6,17122.47986,4203148
Israel,Asia,1992,76.93,18051.52254,4936550
Israel,Asia,1997,78.269,20896.60924,5531387
Israel,Asia,2002,79.696,21905.59514,6029529
Israel,Asia,2007,80.745,25523.2771,6426679
Italy,Europe,1952,65.94,4931.404155,47666000
Italy,Europe,1957,67.81,6248.656232,49182000
Italy,Europe,1962,69.24,8243.58234,50843200
Italy,Europe,1967,71.06,10022.40131,52667100
Italy,Europe,1972,72.19,12269.27378,54365564
Italy,Europe,1977,73.48,14255.98475,56059245
Italy,Europe,1982,74.98,16537.4835,56535636
Italy,Europe,1987,76.42,19207.23482,56729703
Italy,Europe,1992,77.44,22013.64486,56840847
Italy,Europe,1997,78.82,24675.02446,57479469
Italy,Europe,2002,80.24,27968.09817,57926999
Italy,Europe,2007,80.546,28569.7197,58147733
Jamaica,Americas,1952,58.53,2898.530881,1426095
Jamaica,Americas,1957,62.61,4756.525781,1535090
Jamaica,Americas,1962,65.61,5246.107524,1665128
Jamaica,Americas,1967,67.51,6124.703451,1861096
Jamaica,Americas,1972,69,7433.889293,1997616
Jamaica,Americas,1977,70.11,6650.195573,2156814
Jamaica,Americas,1982,71.21,6068.05135,2298309
Jamaica,Americas,1987,71.77,6351.237495,2326606
Jamaica,Americas,1992,71.766,7404.923685,2378618
Jamaica,Americas,1997,72.262,7121.924704,2531311
Jamaica,Americas,2002,72.047,6994.774861,2664659
Jamaica,Americas,2007,72.567,7320.880262,2780132
Japan,Asia,1952,63.03,3216.956347,86459025
Japan,Asia,1957,65.5,4317.694365,91563009
Japan,Asia,1962,68.73,6576.649461,95831757
Japan,Asia,1967,71.43,9847.788607,100825279
Japan,Asia,1972,73.42,14778.78636,107188273
Japan,Asia,1977,75.38,16610.37701,113872473
Japan,Asia,1982,77.11,19384.10571,118454974
Japan,Asia,1987,78.67,22375.94189,122091325
Japan,Asia,1992,79.36,26824.89511,124329269
Japan,Asia,1997,80.69,28816.58499,125956499
Japan,Asia,2002,82,28604.5919,127065841
Japan,Asia,2007,82.603,31656.06806,127467972
Jordan,Asia,1952,43.158,1546.907807,607914
Jordan,Asia,1957,45.669,1886.080591,746559
Jordan,Asia,1962,48.126,2348.009158,933559
Jordan,Asia,1967,51.629,2741.796252,1255058
Jordan,Asia,1972,56.528,2110.856309,1613551
Jordan,Asia,1977,61.134,2852.351568,1937652
Jordan,Asia,1982,63.739,4161.415959,2347031
Jordan,Asia,1987,65.869,4448.679912,2820042
Jordan,Asia,1992,68.015,3431.593647,3867409
Jordan,Asia,1997,69.772,3645.379572,4526235
Jordan,Asia,2002,71.263,3844.917194,5307470
Jordan,Asia,2007,72.535,4519.461171,6053193
Kenya,Africa,1952,42.27,853.540919,6464046
Kenya,Africa,1957,44.686,944.4383152,7454779
Kenya,Africa,1962,47.949,896.9663732,8678557
Kenya,Africa,1967,50.654,1056.736457,10191512
Kenya,Africa,1972,53.559,1222.359968,12044785
Kenya,Africa,1977,56.155,1267.613204,14500404
Kenya,Africa,1982,58.766,1348.225791,17661452
Kenya,Africa,1987,59.339,1361.936856,21198082
Kenya,Africa,1992,59.285,1341.921721,25020539
Kenya,Africa,1997,54.407,1360.485021,28263827
Kenya,Africa,2002,50.992,1287.514732,31386842
Kenya,Africa,2007,54.11,1463.249282,35610177
"Korea, Dem. Rep.",Asia,1952,50.056,1088.277758,8865488
"Korea, Dem. Rep.",Asia,1957,54.081,1571.134655,9411381
"Korea, Dem. Rep.",Asia,1962,56.656,1621.693598,10917494
"Korea, Dem. Rep.",Asia,1967,59.942,2143.540609,12617009
"Korea, Dem. Rep.",Asia,1972,63.983,3701.621503,14781241
"Korea, Dem. Rep.",Asia,1977,67.159,4106.301249,16325320
"Korea, Dem. Rep.",Asia,1982,69.1,4106.525293,17647518
"Korea, Dem. Rep.",Asia,1987,70.647,4106.492315,19067554
"Korea, Dem. Rep.",Asia,1992,69.978,3726.063507,20711375
"Korea, Dem. Rep.",Asia,1997,67.727,1690.756814,21585105
"Korea, Dem. Rep.",Asia,2002,66.662,1646.758151,22215365
"Korea, Dem. Rep.",Asia,2007,67.297,1593.06548,23301725
"Korea, Rep.",Asia,1952,47.453,1030.592226,20947571
"Korea, Rep.",Asia,1957,52.681,1487.593537,22611552
"Korea, Rep.",Asia,1962,55.292,1536.344387,26420307
"Korea, Rep.",Asia,1967,57.716,2029.228142,30131000
"Korea, Rep.",Asia,1972,62.612,3030.87665,33505000
"Korea, Rep.",Asia,1977,64.766,4657.22102,36436000
"Korea, Rep.",Asia,1982,67.123,5622.942464,39326000
"Korea, Rep.",Asia,1987,69.81,8533.088805,41622000
"Korea, Rep.",Asia,1992,72.244,12104.27872,43805450
"Korea, Rep.",Asia,1997,74.647,15993.52796,46173816
"Korea, Rep.",Asia,2002,77.045,19233.98818,47969150
"Korea, Rep.",Asia,2007,78.623,23348.13973,49044790
Kuwait,Asia,1952,55.565,108382.3529,160000
Kuwait,Asia,1957,58.033,113523.1329,212846
Kuwait,Asia,1962,60.47,95458.11176,358266
Kuwait,Asia,1967,64.624,80894.88326,575003
Kuwait,Asia,1972,67.712,109347.867,841934
Kuwait,Asia,1977,69.343,59265.47714,1140357
Kuwait,Asia,1982,71.309,31354.03573,1497494
Kuwait,Asia,1987,74.174,28118.42998,1891487
Kuwait,Asia,1992,75.19,34932.91959,1418095
Kuwait,Asia,1997,76.156,40300.619960000004,1765345
Kuwait,Asia,2002,76.904,35110.10566,2111561
Kuwait,Asia,2007,77.588,47306.98978,2505559
Lebanon,Asia,1952,55.928,4834.804067,1439529
Lebanon,Asia,1957,59.489,6089.786934,1647412
Lebanon,Asia,1962,62.094,5714.560611,1886848
Lebanon,Asia,1967,63.87,6006.983042,2186894
Lebanon,Asia,1972,65.421,7486.384341,2680018
Lebanon,Asia,1977,66.099,8659.696836,3115787
Lebanon,Asia,1982,66.983,7640.519521,3086876
Lebanon,Asia,1987,67.926,5377.091329,3089353
Lebanon,Asia,1992,69.292,6890.806854,3219994
Lebanon,Asia,1997,70.265,8754.96385,3430388
Lebanon,Asia,2002,71.028,9313.93883,3677780
Lebanon,Asia,2007,71.993,10461.05868,3921278
Lesotho,Africa,1952,42.138,298.8462121,748747
Lesotho,Africa,1957,45.047,335.9971151,813338
Lesotho,Africa,1962,47.747,411.8006266,893143
Lesotho,Africa,1967,48.492,498.6390265,996380
Lesotho,Africa,1972,49.767,496.5815922,1116779
Lesotho,Africa,1977,52.208,745.3695408,1251524
Lesotho,Africa,1982,55.078,797.2631074,1411807
Lesotho,Africa,1987,57.18,773.9932141,1599200
Lesotho,Africa,1992,59.685,977.4862725,1803195
Lesotho,Africa,1997,55.558,1186.147994,1982823
Lesotho,Africa,2002,44.593,1275.184575,2046772
Lesotho,Africa,2007,42.592,1569.331442,2012649
Liberia,Africa,1952,38.48,575.5729961,863308
Liberia,Africa,1957,39.486,620.9699901,975950
Liberia,Africa,1962,40.502,634.1951625,1112796
Liberia,Africa,1967,41.536,713.6036483,1279406
Liberia,Africa,1972,42.614,803.0054535,1482628
Liberia,Africa,1977,43.764,640.3224383,1703617
Liberia,Africa,1982,44.852,572.1995694,1956875
Liberia,Africa,1987,46.027,506.1138573,2269414
Liberia,Africa,1992,40.802,636.6229191,1912974
Liberia,Africa,1997,42.221,609.17395079999994,2200725
Liberia,Africa,2002,43.753,531.4823679,2814651
Liberia,Africa,2007,45.678,414.5073415,3193942
Libya,Africa,1952,42.723,2387.54806,1019729
Libya,Africa,1957,45.289,3448.284395,1201578
Libya,Africa,1962,47.808,6757.030816,1441863
Libya,Africa,1967,50.227,18772.75169,1759224
Libya,Africa,1972,52.773,21011.49721,2183877
Libya,Africa,1977,57.442,21951.21176,2721783
Libya,Africa,1982,62.155,17364.27538,3344074
Libya,Africa,1987,66.234,11770.5898,3799845
Libya,Africa,1992,68.755,9640.138501,4364501
Libya,Africa,1997,71.555,9467.446056,4759670
Libya,Africa,2002,72.737,9534.677467,5368585
Libya,Africa,2007,73.952,12057.49928,6036914
Madagascar,Africa,1952,36.681,1443.011715,4762912
Madagascar,Africa,1957,38.865,1589.20275,5181679
Madagascar,Africa,1962,40.848,1643.38711,5703324
Madagascar,Africa,1967,42.881,1634.047282,6334556
Madagascar,Africa,1972,44.851,1748.562982,7082430
Madagascar,Africa,1977,46.881,1544.228586,8007166
Madagascar,Africa,1982,48.969,1302.878658,9171477
Madagascar,Africa,1987,49.35,1155.441948,10568642
Madagascar,Africa,1992,52.214,1040.67619,12210395
Madagascar,Africa,1997,54.978,986.2958956,14165114
Madagascar,Africa,2002,57.286,894.6370822,16473477
Madagascar,Africa,2007,59.443,1044.770126,19167654
Malawi,Africa,1952,36.256,369.1650802,2917802
Malawi,Africa,1957,37.207,416.3698064,3221238
Malawi,Africa,1962,38.41,427.9010856,3628608
Malawi,Africa,1967,39.487,495.5147806,4147252
Malawi,Africa,1972,41.766,584.6219709,4730997
Malawi,Africa,1977,43.767,663.2236766,5637246
Malawi,Africa,1982,45.642,632.8039209,6502825
Malawi,Africa,1987,47.457,635.5173634,7824747
Malawi,Africa,1992,49.42,563.2000145,10014249
Malawi,Africa,1997,47.495,692.2758103,10419991
Malawi,Africa,2002,45.009,665.4231186,11824495
Malawi,Africa,2007,48.303,759.3499101,13327079
Malaysia,Asia,1952,48.463,1831.132894,6748378
Malaysia,Asia,1957,52.102,1810.066992,7739235
Malaysia,Asia,1962,55.737,2036.884944,8906385
Malaysia,Asia,1967,59.371,2277.742396,10154878
Malaysia,Asia,1972,63.01,2849.09478,11441462
Malaysia,Asia,1977,65.256,3827.921571,12845381
Malaysia,Asia,1982,68,4920.355951,14441916
Malaysia,Asia,1987,69.5,5249.802653,16331785
Malaysia,Asia,1992,70.693,7277.912802,18319502
Malaysia,Asia,1997,71.938,10132.90964,20476091
Malaysia,Asia,2002,73.044,10206.97794,22662365
Malaysia,Asia,2007,74.241,12451.6558,24821286
Mali,Africa,1952,33.685,452.3369807,3838168
Mali,Africa,1957,35.307,490.3821867,4241884
Mali,Africa,1962,36.936,496.1743428,4690372
Mali,Africa,1967,38.487,545.0098873,5212416
Mali,Africa,1972,39.977,581.3688761,5828158
Mali,Africa,1977,41.714,686.3952693,6491649
Mali,Africa,1982,43.916,618.0140641,6998256
Mali,Africa,1987,46.364,684.1715576,7634008
Mali,Africa,1992,48.388,739.014375,8416215
Mali,Africa,1997,49.903,790.2579846,9384984
Mali,Africa,2002,51.818,951.4097518,10580176
Mali,Africa,2007,54.467,1042.581557,12031795
Mauritania,Africa,1952,40.543,743.1159097,1022556
Mauritania,Africa,1957,42.338,846.1202613,1076852
Mauritania,Africa,1962,44.248,1055.896036,1146757
Mauritania,Africa,1967,46.289,1421.145193,1230542
Mauritania,Africa,1972,48.437,1586.851781,1332786
Mauritania,Africa,1977,50.852,1497.492223,1456688
Mauritania,Africa,1982,53.599,1481.150189,1622136
Mauritania,Africa,1987,56.145,1421.603576,1841240
Mauritania,Africa,1992,58.333,1361.369784,2119465
Mauritania,Africa,1997,60.43,1483.136136,2444741
Mauritania,Africa,2002,62.247,1579.019543,2828858
Mauritania,Africa,2007,64.164,1803.151496,3270065
Mauritius,Africa,1952,50.986,1967.955707,516556
Mauritius,Africa,1957,58.089,2034.037981,609816
Mauritius,Africa,1962,60.246,2529.067487,701016
Mauritius,Africa,1967,61.557,2475.387562,789309
Mauritius,Africa,1972,62.944,2575.484158,851334
Mauritius,Africa,1977,64.93,3710.982963,913025
Mauritius,Africa,1982,66.711,3688.037739,992040
Mauritius,Africa,1987,68.74,4783.586903,1042663
Mauritius,Africa,1992,69.745,6058.253846,1096202
Mauritius,Africa,1997,70.736,7425.705295,1149818
Mauritius,Africa,2002,71.954,9021.815894,1200206
Mauritius,Africa,2007,72.801,10956.99112,1250882
Mexico,Americas,1952,50.789,3478.125529,30144317
Mexico,Americas,1957,55.19,4131.546641,35015548
Mexico,Americas,1962,58.299,4581.609385,41121485
Mexico,Americas,1967,60.11,5754.733883,47995559
Mexico,Americas,1972,62.361,6809.40669,55984294
Mexico,Americas,1977,65.032,7674.929108,63759976
Mexico,Americas,1982,67.405,9611.147541,71640904
Mexico,Americas,1987,69.498,8688.156003,80122492
Mexico,Americas,1992,71.455,9472.384295,88111030
Mexico,Americas,1997,73.67,9767.29753,95895146
Mexico,Americas,2002,74.902,10742.44053,102479927
Mexico,Americas,2007,76.195,11977.57496,108700891
Mongolia,Asia,1952,42.244,786.5668575,800663
Mongolia,Asia,1957,45.248,912.6626085,882134
Mongolia,Asia,1962,48.251,1056.353958,1010280
Mongolia,Asia,1967,51.253,1226.04113,1149500
Mongolia,Asia,1972,53.754,1421.741975,1320500
Mongolia,Asia,1977,55.491,1647.511665,1528000
Mongolia,Asia,1982,57.489,2000.603139,1756032
Mongolia,Asia,1987,60.222,2338.008304,2015133
Mongolia,Asia,1992,61.271,1785.402016,2312802
Mongolia,Asia,1997,63.625,1902.2521,2494803
Mongolia,Asia,2002,65.033,2140.739323,2674234
Mongolia,Asia,2007,66.803,3095.772271,2874127
Montenegro,Europe,1952,59.164,2647.585601,413834
Montenegro,Europe,1957,61.448,3682.259903,442829
Montenegro,Europe,1962,63.728,4649.593785,474528
Montenegro,Europe,1967,67.178,5907.850937,501035
Montenegro,Europe,1972,70.636,7778.414017,527678
Montenegro,Europe,1977,73.066,9595.929905,560073
Montenegro,Europe,1982,74.101,11222.58762,562548
Montenegro,Europe,1987,74.865,11732.51017,569473
Montenegro,Europe,1992,75.435,7003.339037,621621
Montenegro,Europe,1997,75.445,6465.613349,692651
Montenegro,Europe,2002,73.981,6557.194282,720230
Montenegro,Europe,2007,74.543,9253.896111,684736
Morocco,Africa,1952,42.873,1688.20357,9939217
Morocco,Africa,1957,45.423,1642.002314,11406350
Morocco,Africa,1962,47.924,1566.353493,13056604
Morocco,Africa,1967,50.335,1711.04477,14770296
Morocco,Africa,1972,52.862,1930.194975,16660670
Morocco,Africa,1977,55.73,2370.619976,18396941
Morocco,Africa,1982,59.65,2702.620356,20198730
Morocco,Africa,1987,62.677,2755.046991,22987397
Morocco,Africa,1992,65.393,2948.047252,25798239
Morocco,Africa,1997,67.66,2982.101858,28529501
Morocco,Africa,2002,69.615,3258.495584,31167783
Morocco,Africa,2007,71.164,3820.17523,33757175
Mozambique,Africa,1952,31.286,468.5260381,6446316
Mozambique,Africa,1957,33.779,495.5868333,7038035
Mozambique,Africa,1962,36.161,556.6863539,7788944
Mozambique,Africa,1967,38.113,566.6691539,8680909
Mozambique,Africa,1972,40.328,724.9178037,9809596
Mozambique,Africa,1977,42.495,502.3197334,11127868
Mozambique,Africa,1982,42.795,462.2114149,12587223
Mozambique,Africa,1987,42.861,389.8761846,12891952
Mozambique,Africa,1992,44.284,410.8968239,13160731
Mozambique,Africa,1997,46.344,472.3460771,16603334
Mozambique,Africa,2002,44.026,633.6179466,18473780
Mozambique,Africa,2007,42.082,823.6856205,19951656
Myanmar,Asia,1952,36.319,331,20092996
Myanmar,Asia,1957,41.905,350,21731844
Myanmar,Asia,1962,45.108,388,23634436
Myanmar,Asia,1967,49.379,349,25870271
Myanmar,Asia,1972,53.07,357,28466390
Myanmar,Asia,1977,56.059,371,31528087
Myanmar,Asia,1982,58.056,424,34680442
Myanmar,Asia,1987,58.339,385,38028578
Myanmar,Asia,1992,59.32,347,40546538
Myanmar,Asia,1997,60.328,415,43247867
Myanmar,Asia,2002,59.908,611,45598081
Myanmar,Asia,2007,62.069,944,47761980
Namibia,Africa,1952,41.725,2423.780443,485831
Namibia,Africa,1957,45.226,2621.448058,548080
Namibia,Africa,1962,48.386,3173.215595,621392
Namibia,Africa,1967,51.159,3793.694753,706640
Namibia,Africa,1972,53.867,3746.080948,821782
Namibia,Africa,1977,56.437,3876.485958,977026
Namibia,Africa,1982,58.968,4191.100511,1099010
Namibia,Africa,1987,60.835,3693.731337,1278184
Namibia,Africa,1992,61.999,3804.537999,1554253
Namibia,Africa,1997,58.909,3899.52426,1774766
Namibia,Africa,2002,51.479,4072.324751,1972153
Namibia,Africa,2007,52.906,4811.060429,2055080
Nepal,Asia,1952,36.157,545.8657229,9182536
Nepal,Asia,1957,37.686,597.9363558,9682338
Nepal,Asia,1962,39.393,652.3968593,10332057
Nepal,Asia,1967,41.472,676.4422254,11261690
Nepal,Asia,1972,43.971,674.7881296,12412593
Nepal,Asia,1977,46.748,694.1124398,13933198
Nepal,Asia,1982,49.594,718.3730947,15796314
Nepal,Asia,1987,52.537,775.6324501,17917180
Nepal,Asia,1992,55.727,897.7403604,20326209
Nepal,Asia,1997,59.426,1010.892138,23001113
Nepal,Asia,2002,61.34,1057.206311,25873917
Nepal,Asia,2007,63.785,1091.359778,28901790
Netherlands,Europe,1952,72.13,8941.571858,10381988
Netherlands,Europe,1957,72.99,11276.19344,11026383
Netherlands,Europe,1962,73.23,12790.84956,11805689
Netherlands,Europe,1967,73.82,15363.25136,12596822
Netherlands,Europe,1972,73.75,18794.74567,13329874
Netherlands,Europe,1977,75.24,21209.0592,13852989
Netherlands,Europe,1982,76.05,21399.46046,14310401
Netherlands,Europe,1987,76.83,23651.32361,14665278
Netherlands,Europe,1992,77.42,26790.94961,15174244
Netherlands,Europe,1997,78.03,30246.13063,15604464
Netherlands,Europe,2002,78.53,33724.75778,16122830
Netherlands,Europe,2007,79.762,36797.93332,16570613
New Zealand,Oceania,1952,69.39,10556.57566,1994794
New Zealand,Oceania,1957,70.26,12247.39532,2229407
New Zealand,Oceania,1962,71.24,13175.678,2488550
New Zealand,Oceania,1967,71.52,14463.91893,2728150
New Zealand,Oceania,1972,71.89,16046.03728,2929100
New Zealand,Oceania,1977,72.22,16233.7177,3164900
New Zealand,Oceania,1982,73.84,17632.4104,3210650
New Zealand,Oceania,1987,74.32,19007.19129,3317166
New Zealand,Oceania,1992,76.33,18363.32494,3437674
New Zealand,Oceania,1997,77.55,21050.41377,3676187
New Zealand,Oceania,2002,79.11,23189.80135,3908037
New Zealand,Oceania,2007,80.204,25185.00911,4115771
Nicaragua,Americas,1952,42.314,3112.363948,1165790
Nicaragua,Americas,1957,45.432,3457.415947,1358828
Nicaragua,Americas,1962,48.632,3634.364406,1590597
Nicaragua,Americas,1967,51.884,4643.393534,1865490
Nicaragua,Americas,1972,55.151,4688.593267,2182908
Nicaragua,Americas,1977,57.47,5486.371089,2554598
Nicaragua,Americas,1982,59.298,3470.338156,2979423
Nicaragua,Americas,1987,62.008,2955.984375,3344353
Nicaragua,Americas,1992,65.843,2170.151724,4017939
Nicaragua,Americas,1997,68.426,2253.023004,4609572
Nicaragua,Americas,2002,70.836,2474.548819,5146848
Nicaragua,Americas,2007,72.899,2749.320965,5675356
Niger,Africa,1952,37.444,761.879376,3379468
Niger,Africa,1957,38.598,835.5234025,3692184
Niger,Africa,1962,39.487,997.7661127,4076008
Niger,Africa,1967,40.118,1054.384891,4534062
Niger,Africa,1972,40.546,954.2092363,5060262
Niger,Africa,1977,41.291,808.8970728,5682086
Niger,Africa,1982,42.598,909.7221354,6437188
Niger,Africa,1987,44.555,668.3000228,7332638
Niger,Africa,1992,47.391,581.182725,8392818
Niger,Africa,1997,51.313,580.3052092,9666252
Niger,Africa,2002,54.496,601.0745012,11140655
Niger,Africa,2007,56.867,619.6768924,12894865
Nigeria,Africa,1952,36.324,1077.281856,33119096
Nigeria,Africa,1957,37.802,1100.592563,37173340
Nigeria,Africa,1962,39.36,1150.927478,41871351
Nigeria,Africa,1967,41.04,1014.514104,47287752
Nigeria,Africa,1972,42.821,1698.388838,53740085
Nigeria,Africa,1977,44.514,1981.951806,62209173
Nigeria,Africa,1982,45.826,1576.97375,73039376
Nigeria,Africa,1987,46.886,1385.029563,81551520
Nigeria,Africa,1992,47.472,1619.848217,93364244
Nigeria,Africa,1997,47.464,1624.941275,106207839
Nigeria,Africa,2002,46.608,1615.286395,119901274
Nigeria,Africa,2007,46.859,2013.977305,135031164
Norway,Europe,1952,72.67,10095.42172,3327728
Norway,Europe,1957,73.44,11653.97304,3491938
Norway,Europe,1962,73.47,13450.40151,3638919
Norway,Europe,1967,74.08,16361.87647,3786019
Norway,Europe,1972,74.34,18965.05551,3933004
Norway,Europe,1977,75.37,23311.34939,4043205
Norway,Europe,1982,75.97,26298.63531,4114787
Norway,Europe,1987,75.89,31540.9748,4186147
Norway,Europe,1992,77.32,33965.66115,4286357
Norway,Europe,1997,78.32,41283.16433,4405672
Norway,Europe,2002,79.05,44683.97525,4535591
Norway,Europe,2007,80.196,49357.19017,4627926
Oman,Asia,1952,37.578,1828.230307,507833
Oman,Asia,1957,40.08,2242.746551,561977
Oman,Asia,1962,43.165,2924.638113,628164
Oman,Asia,1967,46.988,4720.942687,714775
Oman,Asia,1972,52.143,10618.03855,829050
Oman,Asia,1977,57.367,11848.34392,1004533
Oman,Asia,1982,62.728,12954.79101,1301048
Oman,Asia,1987,67.734,18115.22313,1593882
Oman,Asia,1992,71.197,18616.70691,1915208
Oman,Asia,1997,72.499,19702.05581,2283635
Oman,Asia,2002,74.193,19774.83687,2713462
Oman,Asia,2007,75.64,22316.19287,3204897
Pakistan,Asia,1952,43.436,684.5971438,41346560
Pakistan,Asia,1957,45.557,747.0835292,46679944
Pakistan,Asia,1962,47.67,803.3427418,53100671
Pakistan,Asia,1967,49.8,942.4082588,60641899
Pakistan,Asia,1972,51.929,1049.938981,69325921
Pakistan,Asia,1977,54.043,1175.921193,78152686
Pakistan,Asia,1982,56.158,1443.429832,91462088
Pakistan,Asia,1987,58.245,1704.686583,105186881
Pakistan,Asia,1992,60.838,1971.829464,120065004
Pakistan,Asia,1997,61.818,2049.350521,135564834
Pakistan,Asia,2002,63.61,2092.712441,153403524
Pakistan,Asia,2007,65.483,2605.94758,169270617
Panama,Americas,1952,55.191,2480.380334,940080
Panama,Americas,1957,59.201,2961.800905,1063506
Panama,Americas,1962,61.817,3536.540301,1215725
Panama,Americas,1967,64.071,4421.009084,1405486
Panama,Americas,1972,66.216,5364.249663,1616384
Panama,Americas,1977,68.681,5351.912144,1839782
Panama,Americas,1982,70.472,7009.601598,2036305
Panama,Americas,1987,71.523,7034.779161,2253639
Panama,Americas,1992,72.462,6618.74305,2484997
Panama,Americas,1997,73.738,7113.692252,2734531
Panama,Americas,2002,74.712,7356.031934,2990875
Panama,Americas,2007,75.537,9809.185636,3242173
Paraguay,Americas,1952,62.649,1952.308701,1555876
Paraguay,Americas,1957,63.196,2046.154706,1770902
Paraguay,Americas,1962,64.361,2148.027146,2009813
Paraguay,Americas,1967,64.951,2299.376311,2287985
Paraguay,Americas,1972,65.815,2523.337977,2614104
Paraguay,Americas,1977,66.353,3248.373311,2984494
Paraguay,Americas,1982,66.874,4258.503604,3366439
Paraguay,Americas,1987,67.378,3998.875695,3886512
Paraguay,Americas,1992,68.225,4196.411078,4483945
Paraguay,Americas,1997,69.4,4247.400261,5154123
Paraguay,Americas,2002,70.755,3783.674243,5884491
Paraguay,Americas,2007,71.752,4172.838464,6667147
Peru,Americas,1952,43.902,3758.523437,8025700
Peru,Americas,1957,46.263,4245.256698,9146100
Peru,Americas,1962,49.096,4957.037982,10516500
Peru,Americas,1967,51.445,5788.09333,12132200
Peru,Americas,1972,55.448,5937.827283,13954700
Peru,Americas,1977,58.447,6281.290855,15990099
Peru,Americas,1982,61.406,6434.501797,18125129
Peru,Americas,1987,64.134,6360.9434440000005,20195924
Peru,Americas,1992,66.458,4446.380924,22430449
Peru,Americas,1997,68.386,5838.347657,24748122
Peru,Americas,2002,69.906,5909.020073,26769436
Peru,Americas,2007,71.421,7408.905561,28674757
Philippines,Asia,1952,47.752,1272.880995,22438691
Philippines,Asia,1957,51.334,1547.944844,26072194
Philippines,Asia,1962,54.757,1649.552153,30325264
Philippines,Asia,1967,56.393,1814.12743,35356600
Philippines,Asia,1972,58.065,1989.37407,40850141
Philippines,Asia,1977,60.06,2373.204287,46850962
Philippines,Asia,1982,62.082,2603.273765,53456774
Philippines,Asia,1987,64.151,2189.634995,60017788
Philippines,Asia,1992,66.458,2279.324017,67185766
Philippines,Asia,1997,68.564,2536.534925,75012988
Philippines,Asia,2002,70.303,2650.921068,82995088
Philippines,Asia,2007,71.688,3190.481016,91077287
Poland,Europe,1952,61.31,4029.329699,25730551
Poland,Europe,1957,65.77,4734.253019,28235346
Poland,Europe,1962,67.64,5338.752143,30329617
Poland,Europe,1967,69.61,6557.152776,31785378
Poland,Europe,1972,70.85,8006.506993,33039545
Poland,Europe,1977,70.67,9508.141454,34621254
Poland,Europe,1982,71.32,8451.531004,36227381
Poland,Europe,1987,70.98,9082.351172,37740710
Poland,Europe,1992,70.99,7738.881247,38370697
Poland,Europe,1997,72.75,10159.58368,38654957
Poland,Europe,2002,74.67,12002.23908,38625976
Poland,Europe,2007,75.563,15389.92468,38518241
Portugal,Europe,1952,59.82,3068.319867,8526050
Portugal,Europe,1957,61.51,3774.571743,8817650
Portugal,Europe,1962,64.39,4727.954889,9019800
Portugal,Europe,1967,66.6,6361.517993,9103000
Portugal,Europe,1972,69.26,9022.247417,8970450
Portugal,Europe,1977,70.41,10172.48572,9662600
Portugal,Europe,1982,72.77,11753.84291,9859650
Portugal,Europe,1987,74.06,13039.30876,9915289
Portugal,Europe,1992,74.86,16207.26663,9927680
Portugal,Europe,1997,75.97,17641.03156,10156415
Portugal,Europe,2002,77.29,19970.90787,10433867
Portugal,Europe,2007,78.098,20509.64777,10642836
Puerto Rico,Americas,1952,64.28,3081.959785,2227000
Puerto Rico,Americas,1957,68.54,3907.156189,2260000
Puerto Rico,Americas,1962,69.62,5108.34463,2448046
Puerto Rico,Americas,1967,71.1,6929.277714,2648961
Puerto Rico,Americas,1972,72.16,9123.041742,2847132
Puerto Rico,Americas,1977,73.44,9770.524921,3080828
Puerto Rico,Americas,1982,73.75,10330.98915,3279001
Puerto Rico,Americas,1987,74.63,12281.34191,3444468
Puerto Rico,Americas,1992,73.911,14641.58711,3585176
Puerto Rico,Americas,1997,74.917,16999.4333,3759430
Puerto Rico,Americas,2002,77.778,18855.60618,3859606
Puerto Rico,Americas,2007,78.746,19328.70901,3942491
Reunion,Africa,1952,52.724,2718.885295,257700
Reunion,Africa,1957,55.09,2769.451844,308700
Reunion,Africa,1962,57.666,3173.72334,358900
Reunion,Africa,1967,60.542,4021.175739,414024
Reunion,Africa,1972,64.274,5047.658563,461633
Reunion,Africa,1977,67.064,4319.804067,492095
Reunion,Africa,1982,69.885,5267.219353,517810
Reunion,Africa,1987,71.913,5303.377488,562035
Reunion,Africa,1992,73.615,6101.255823,622191
Reunion,Africa,1997,74.772,6071.941411,684810
Reunion,Africa,2002,75.744,6316.1652,743981
Reunion,Africa,2007,76.442,7670.122558,798094
Romania,Europe,1952,61.05,3144.613186,16630000
Romania,Europe,1957,64.1,3943.370225,17829327
Romania,Europe,1962,66.8,4734.997586,18680721
Romania,Europe,1967,66.8,6470.866545,19284814
Romania,Europe,1972,69.21,8011.414402,20662648
Romania,Europe,1977,69.46,9356.39724,21658597
Romania,Europe,1982,69.66,9605.314053,22356726
Romania,Europe,1987,69.53,9696.273295,22686371
Romania,Europe,1992,69.36,6598.409903,22797027
Romania,Europe,1997,69.72,7346.547557,22562458
Romania,Europe,2002,71.322,7885.360081,22404337
Romania,Europe,2007,72.476,10808.47561,22276056
Rwanda,Africa,1952,40,493.3238752,2534927
Rwanda,Africa,1957,41.5,540.2893983,2822082
Rwanda,Africa,1962,43,597.4730727,3051242
Rwanda,Africa,1967,44.1,510.9637142,3451079
Rwanda,Africa,1972,44.6,590.5806638,3992121
Rwanda,Africa,1977,45,670.0806011,4657072
Rwanda,Africa,1982,46.218,881.5706467,5507565
Rwanda,Africa,1987,44.02,847.991217,6349365
Rwanda,Africa,1992,23.599,737.0685949,7290203
Rwanda,Africa,1997,36.087,589.9445051,7212583
Rwanda,Africa,2002,43.413,785.6537648,7852401
Rwanda,Africa,2007,46.242,863.0884639,8860588
Sao Tome and Principe,Africa,1952,46.471,879.5835855,60011
Sao Tome and Principe,Africa,1957,48.945,860.7369026,61325
Sao Tome and Principe,Africa,1962,51.893,1071.551119,65345
Sao Tome and Principe,Africa,1967,54.425,1384.840593,70787
Sao Tome and Principe,Africa,1972,56.48,1532.985254,76595
Sao Tome and Principe,Africa,1977,58.55,1737.561657,86796
Sao Tome and Principe,Africa,1982,60.351,1890.218117,98593
Sao Tome and Principe,Africa,1987,61.728,1516.525457,110812
Sao Tome and Principe,Africa,1992,62.742,1428.777814,125911
Sao Tome and Principe,Africa,1997,63.306,1339.076036,145608
Sao Tome and Principe,Africa,2002,64.337,1353.09239,170372
Sao Tome and Principe,Africa,2007,65.528,1598.435089,199579
Saudi Arabia,Asia,1952,39.875,6459.554823,4005677
Saudi Arabia,Asia,1957,42.868,8157.591248,4419650
Saudi Arabia,Asia,1962,45.914,11626.41975,4943029
Saudi Arabia,Asia,1967,49.901,16903.04886,5618198
Saudi Arabia,Asia,1972,53.886,24837.42865,6472756
Saudi Arabia,Asia,1977,58.69,34167.7626,8128505
Saudi Arabia,Asia,1982,63.012,33693.17525,11254672
Saudi Arabia,Asia,1987,66.295,21198.26136,14619745
Saudi Arabia,Asia,1992,68.768,24841.61777,16945857
Saudi Arabia,Asia,1997,70.533,20586.69019,21229759
Saudi Arabia,Asia,2002,71.626,19014.54118,24501530
Saudi Arabia,Asia,2007,72.777,21654.83194,27601038
Senegal,Africa,1952,37.278,1450.356983,2755589
Senegal,Africa,1957,39.329,1567.653006,3054547
Senegal,Africa,1962,41.454,1654.988723,3430243
Senegal,Africa,1967,43.563,1612.404632,3965841
Senegal,Africa,1972,45.815,1597.712056,4588696
Senegal,Africa,1977,48.879,1561.769116,5260855
Senegal,Africa,1982,52.379,1518.479984,6147783
Senegal,Africa,1987,55.769,1441.72072,7171347
Senegal,Africa,1992,58.196,1367.899369,8307920
Senegal,Africa,1997,60.187,1392.368347,9535314
Senegal,Africa,2002,61.6,1519.635262,10870037
Senegal,Africa,2007,63.062,1712.472136,12267493
Serbia,Europe,1952,57.996,3581.459448,6860147
Serbia,Europe,1957,61.685,4981.090891,7271135
Serbia,Europe,1962,64.531,6289.629157,7616060
Serbia,Europe,1967,66.914,7991.707066,7971222
Serbia,Europe,1972,68.7,10522.06749,8313288
Serbia,Europe,1977,70.3,12980.66956,8686367
Serbia,Europe,1982,70.162,15181.0927,9032824
Serbia,Europe,1987,71.218,15870.87851,9230783
Serbia,Europe,1992,71.659,9325.068238,9826397
Serbia,Europe,1997,72.232,7914.320304,10336594
Serbia,Europe,2002,73.213,7236.075251,10111559
Serbia,Europe,2007,74.002,9786.534714,10150265
Sierra Leone,Africa,1952,30.331,879.7877358,2143249
Sierra Leone,Africa,1957,31.57,1004.484437,2295678
Sierra Leone,Africa,1962,32.767,1116.639877,2467895
Sierra Leone,Africa,1967,34.113,1206.043465,2662190
Sierra Leone,Africa,1972,35.4,1353.759762,2879013
Sierra Leone,Africa,1977,36.788,1348.285159,3140897
Sierra Leone,Africa,1982,38.445,1465.010784,3464522
Sierra Leone,Africa,1987,40.006,1294.447788,3868905
Sierra Leone,Africa,1992,38.333,1068.696278,4260884
Sierra Leone,Africa,1997,39.897,574.6481576,4578212
Sierra Leone,Africa,2002,41.012,699.489713,5359092
Sierra Leone,Africa,2007,42.568,862.5407561,6144562
Singapore,Asia,1952,60.396,2315.138227,1127000
Singapore,Asia,1957,63.179,2843.104409,1445929
Singapore,Asia,1962,65.798,3674.735572,1750200
Singapore,Asia,1967,67.946,4977.41854,1977600
Singapore,Asia,1972,69.521,8597.756202,2152400
Singapore,Asia,1977,70.795,11210.08948,2325300
Singapore,Asia,1982,71.76,15169.16112,2651869
Singapore,Asia,1987,73.56,18861.53081,2794552
Singapore,Asia,1992,75.788,24769.8912,3235865
Singapore,Asia,1997,77.158,33519.4766,3802309
Singapore,Asia,2002,78.77,36023.1054,4197776
Singapore,Asia,2007,79.972,47143.17964,4553009
Slovak Republic,Europe,1952,64.36,5074.659104,3558137
Slovak Republic,Europe,1957,67.45,6093.26298,3844277
Slovak Republic,Europe,1962,70.33,7481.107598,4237384
Slovak Republic,Europe,1967,70.98,8412.902397,4442238
Slovak Republic,Europe,1972,70.35,9674.167626,4593433
Slovak Republic,Europe,1977,70.45,10922.66404,4827803
Slovak Republic,Europe,1982,70.8,11348.54585,5048043
Slovak Republic,Europe,1987,71.08,12037.26758,5199318
Slovak Republic,Europe,1992,71.38,9498.467723,5302888
Slovak Republic,Europe,1997,72.71,12126.23065,5383010
Slovak Republic,Europe,2002,73.8,13638.77837,5410052
Slovak Republic,Europe,2007,74.663,18678.31435,5447502
Slovenia,Europe,1952,65.57,4215.041741,1489518
Slovenia,Europe,1957,67.85,5862.276629,1533070
Slovenia,Europe,1962,69.15,7402.303395,1582962
Slovenia,Europe,1967,69.18,9405.489397,1646912
Slovenia,Europe,1972,69.82,12383.4862,1694510
Slovenia,Europe,1977,70.97,15277.03017,1746919
Slovenia,Europe,1982,71.063,17866.72175,1861252
Slovenia,Europe,1987,72.25,18678.53492,1945870
Slovenia,Europe,1992,73.64,14214.71681,1999210
Slovenia,Europe,1997,75.13,17161.10735,2011612
Slovenia,Europe,2002,76.66,20660.01936,2011497
Slovenia,Europe,2007,77.926,25768.25759,2009245
Somalia,Africa,1952,32.978,1135.749842,2526994
Somalia,Africa,1957,34.977,1258.147413,2780415
Somalia,Africa,1962,36.981,1369.488336,3080153
Somalia,Africa,1967,38.977,1284.73318,3428839
Somalia,Africa,1972,40.973,1254.576127,3840161
Somalia,Africa,1977,41.974,1450.992513,4353666
Somalia,Africa,1982,42.955,1176.807031,5828892
Somalia,Africa,1987,44.501,1093.244963,6921858
Somalia,Africa,1992,39.658,926.9602964,6099799
Somalia,Africa,1997,43.795,930.5964284,6633514
Somalia,Africa,2002,45.936,882.0818218,7753310
Somalia,Africa,2007,48.159,926.1410683,9118773
South Africa,Africa,1952,45.009,4725.295531,14264935
South Africa,Africa,1957,47.985,5487.104219,16151549
South Africa,Africa,1962,49.951,5768.729717,18356657
South Africa,Africa,1967,51.927,7114.477971,20997321
South Africa,Africa,1972,53.696,7765.962636,23935810
South Africa,Africa,1977,55.527,8028.651439,27129932
South Africa,Africa,1982,58.161,8568.266228,31140029
South Africa,Africa,1987,60.834,7825.823398,35933379
South Africa,Africa,1992,61.888,7225.069258,39964159
South Africa,Africa,1997,60.236,7479.188244,42835005
South Africa,Africa,2002,53.365,7710.946444,44433622
South Africa,Africa,2007,49.339,9269.657808,43997828
Spain,Europe,1952,64.94,3834.034742,28549870
Spain,Europe,1957,66.66,4564.80241,29841614
Spain,Europe,1962,69.69,5693.843879,31158061
Spain,Europe,1967,71.44,7993.512294,32850275
Spain,Europe,1972,73.06,10638.75131,34513161
Spain,Europe,1977,74.39,13236.92117,36439000
Spain,Europe,1982,76.3,13926.16997,37983310
Spain,Europe,1987,76.9,15764.98313,38880702
Spain,Europe,1992,77.57,18603.06452,39549438
Spain,Europe,1997,78.77,20445.29896,39855442
Spain,Europe,2002,79.78,24835.47166,40152517
Spain,Europe,2007,80.941,28821.0637,40448191
Sri Lanka,Asia,1952,57.593,1083.53203,7982342
Sri Lanka,Asia,1957,61.456,1072.546602,9128546
Sri Lanka,Asia,1962,62.192,1074.47196,10421936
Sri Lanka,Asia,1967,64.266,1135.514326,11737396
Sri Lanka,Asia,1972,65.042,1213.39553,13016733
Sri Lanka,Asia,1977,65.949,1348.775651,14116836
Sri Lanka,Asia,1982,68.757,1648.079789,15410151
Sri Lanka,Asia,1987,69.011,1876.766827,16495304
Sri Lanka,Asia,1992,70.379,2153.739222,17587060
Sri Lanka,Asia,1997,70.457,2664.477257,18698655
Sri Lanka,Asia,2002,70.815,3015.378833,19576783
Sri Lanka,Asia,2007,72.396,3970.095407,20378239
Sudan,Africa,1952,38.635,1615.991129,8504667
Sudan,Africa,1957,39.624,1770.337074,9753392
Sudan,Africa,1962,40.87,1959.593767,11183227
Sudan,Africa,1967,42.858,1687.997641,12716129
Sudan,Africa,1972,45.083,1659.652775,14597019
Sudan,Africa,1977,47.8,2202.988423,17104986
Sudan,Africa,1982,50.338,1895.544073,20367053
Sudan,Africa,1987,51.744,1507.819159,24725960
Sudan,Africa,1992,53.556,1492.197043,28227588
Sudan,Africa,1997,55.373,1632.210764,32160729
Sudan,Africa,2002,56.369,1993.398314,37090298
Sudan,Africa,2007,58.556,2602.394995,42292929
Swaziland,Africa,1952,41.407,1148.376626,290243
Swaziland,Africa,1957,43.424,1244.708364,326741
Swaziland,Africa,1962,44.992,1856.182125,370006
Swaziland,Africa,1967,46.633,2613.101665,420690
Swaziland,Africa,1972,49.552,3364.836625,480105
Swaziland,Africa,1977,52.537,3781.410618,551425
Swaziland,Africa,1982,55.561,3895.384018,649901
Swaziland,Africa,1987,57.678,3984.839812,779348
Swaziland,Africa,1992,58.474,3553.0224,962344
Swaziland,Africa,1997,54.289,3876.76846,1054486
Swaziland,Africa,2002,43.869,4128.116943,1130269
Swaziland,Africa,2007,39.613,4513.480643,1133066
Sweden,Europe,1952,71.86,8527.844662,7124673
Sweden,Europe,1957,72.49,9911.878226,7363802
Sweden,Europe,1962,73.37,12329.44192,7561588
Sweden,Europe,1967,74.16,15258.29697,7867931
Sweden,Europe,1972,74.72,17832.02464,8122293
Sweden,Europe,1977,75.44,18855.72521,8251648
Sweden,Europe,1982,76.42,20667.38125,8325260
Sweden,Europe,1987,77.19,23586.92927,8421403
Sweden,Europe,1992,78.16,23880.01683,8718867
Sweden,Europe,1997,79.39,25266.59499,8897619
Sweden,Europe,2002,80.04,29341.63093,8954175
Sweden,Europe,2007,80.884,33859.74835,9031088
Switzerland,Europe,1952,69.62,14734.23275,4815000
Switzerland,Europe,1957,70.56,17909.48973,5126000
Switzerland,Europe,1962,71.32,20431.0927,5666000
Switzerland,Europe,1967,72.77,22966.14432,6063000
Switzerland,Europe,1972,73.78,27195.11304,6401400
Switzerland,Europe,1977,75.39,26982.29052,6316424
Switzerland,Europe,1982,76.21,28397.71512,6468126
Switzerland,Europe,1987,77.41,30281.70459,6649942
Switzerland,Europe,1992,78.03,31871.5303,6995447
Switzerland,Europe,1997,79.37,32135.32301,7193761
Switzerland,Europe,2002,80.62,34480.95771,7361757
Switzerland,Europe,2007,81.701,37506.41907,7554661
Syria,Asia,1952,45.883,1643.485354,3661549
Syria,Asia,1957,48.284,2117.234893,4149908
Syria,Asia,1962,50.305,2193.037133,4834621
Syria,Asia,1967,53.655,1881.923632,5680812
Syria,Asia,1972,57.296,2571.423014,6701172
Syria,Asia,1977,61.195,3195.484582,7932503
Syria,Asia,1982,64.59,3761.837715,9410494
Syria,Asia,1987,66.974,3116.774285,11242847
Syria,Asia,1992,69.249,3340.542768,13219062
Syria,Asia,1997,71.527,4014.238972,15081016
Syria,Asia,2002,73.053,4090.925331,17155814
Syria,Asia,2007,74.143,4184.548089,19314747
Taiwan,Asia,1952,58.5,1206.947913,8550362
Taiwan,Asia,1957,62.4,1507.86129,10164215
Taiwan,Asia,1962,65.2,1822.879028,11918938
Taiwan,Asia,1967,67.5,2643.858681,13648692
Taiwan,Asia,1972,69.39,4062.523897,15226039
Taiwan,Asia,1977,70.59,5596.519826,16785196
Taiwan,Asia,1982,72.16,7426.354774,18501390
Taiwan,Asia,1987,73.4,11054.56175,19757799
Taiwan,Asia,1992,74.26,15215.6579,20686918
Taiwan,Asia,1997,75.25,20206.82098,21628605
Taiwan,Asia,2002,76.99,23235.42329,22454239
Taiwan,Asia,2007,78.4,28718.27684,23174294
Tanzania,Africa,1952,41.215,716.6500721,8322925
Tanzania,Africa,1957,42.974,698.5356073,9452826
Tanzania,Africa,1962,44.246,722.0038073,10863958
Tanzania,Africa,1967,45.757,848.2186575,12607312
Tanzania,Africa,1972,47.62,915.9850592,14706593
Tanzania,Africa,1977,49.919,962.4922932,17129565
Tanzania,Africa,1982,50.608,874.2426069,19844382
Tanzania,Africa,1987,51.535,831.8220794,23040630
Tanzania,Africa,1992,50.44,825.682454,26605473
Tanzania,Africa,1997,48.466,789.1862231,30686889
Tanzania,Africa,2002,49.651,899.0742111,34593779
Tanzania,Africa,2007,52.517,1107.482182,38139640
Thailand,Asia,1952,50.848,757.7974177,21289402
Thailand,Asia,1957,53.63,793.5774148,25041917
Thailand,Asia,1962,56.061,1002.199172,29263397
Thailand,Asia,1967,58.285,1295.46066,34024249
Thailand,Asia,1972,60.405,1524.358936,39276153
Thailand,Asia,1977,62.494,1961.224635,44148285
Thailand,Asia,1982,64.597,2393.219781,48827160
Thailand,Asia,1987,66.084,2982.653773,52910342
Thailand,Asia,1992,67.298,4616.896545,56667095
Thailand,Asia,1997,67.521,5852.625497,60216677
Thailand,Asia,2002,68.564,5913.187529,62806748
Thailand,Asia,2007,70.616,7458.396327,65068149
Togo,Africa,1952,38.596,859.8086567,1219113
Togo,Africa,1957,41.208,925.9083202,1357445
Togo,Africa,1962,43.922,1067.53481,1528098
Togo,Africa,1967,46.769,1477.59676,1735550
Togo,Africa,1972,49.759,1649.660188,2056351
Togo,Africa,1977,52.887,1532.776998,2308582
Togo,Africa,1982,55.471,1344.577953,2644765
Togo,Africa,1987,56.941,1202.201361,3154264
Togo,Africa,1992,58.061,1034.298904,3747553
Togo,Africa,1997,58.39,982.2869243,4320890
Togo,Africa,2002,57.561,886.2205765,4977378
Togo,Africa,2007,58.42,882.9699438,5701579
Trinidad and Tobago,Americas,1952,59.1,3023.271928,662850
Trinidad and Tobago,Americas,1957,61.8,4100.3934,764900
Trinidad and Tobago,Americas,1962,64.9,4997.523971,887498
Trinidad and Tobago,Americas,1967,65.4,5621.368472,960155
Trinidad and Tobago,Americas,1972,65.9,6619.551419,975199
Trinidad and Tobago,Americas,1977,68.3,7899.554209,1039009
Trinidad and Tobago,Americas,1982,68.832,9119.528607,1116479
Trinidad and Tobago,Americas,1987,69.582,7388.597823,1191336
Trinidad and Tobago,Americas,1992,69.862,7370.990932,1183669
Trinidad and Tobago,Americas,1997,69.465,8792.573126,1138101
Trinidad and Tobago,Americas,2002,68.976,11460.60023,1101832
Trinidad and Tobago,Americas,2007,69.819,18008.50924,1056608
Tunisia,Africa,1952,44.6,1468.475631,3647735
Tunisia,Africa,1957,47.1,1395.232468,3950849
Tunisia,Africa,1962,49.579,1660.30321,4286552
Tunisia,Africa,1967,52.053,1932.360167,4786986
Tunisia,Africa,1972,55.602,2753.285994,5303507
Tunisia,Africa,1977,59.837,3120.876811,6005061
Tunisia,Africa,1982,64.048,3560.233174,6734098
Tunisia,Africa,1987,66.894,3810.419296,7724976
Tunisia,Africa,1992,70.001,4332.720164,8523077
Tunisia,Africa,1997,71.973,4876.798614,9231669
Tunisia,Africa,2002,73.042,5722.895655,9770575
Tunisia,Africa,2007,73.923,7092.923025,10276158
Turkey,Europe,1952,43.585,1969.10098,22235677
Turkey,Europe,1957,48.079,2218.754257,25670939
Turkey,Europe,1962,52.098,2322.869908,29788695
Turkey,Europe,1967,54.336,2826.356387,33411317
Turkey,Europe,1972,57.005,3450.69638,37492953
Turkey,Europe,1977,59.507,4269.122326,42404033
Turkey,Europe,1982,61.036,4241.356344,47328791
Turkey,Europe,1987,63.108,5089.043686,52881328
Turkey,Europe,1992,66.146,5678.348271,58179144
Turkey,Europe,1997,68.835,6601.429915,63047647
Turkey,Europe,2002,70.845,6508.085718,67308928
Turkey,Europe,2007,71.777,8458.276384,71158647
Uganda,Africa,1952,39.978,734.753484,5824797
Uganda,Africa,1957,42.571,774.3710692,6675501
Uganda,Africa,1962,45.344,767.2717398,7688797
Uganda,Africa,1967,48.051,908.9185217,8900294
Uganda,Africa,1972,51.016,950.735869,10190285
Uganda,Africa,1977,50.35,843.7331372,11457758
Uganda,Africa,1982,49.849,682.2662268,12939400
Uganda,Africa,1987,51.509,617.7244065,15283050
Uganda,Africa,1992,48.825,644.1707969,18252190
Uganda,Africa,1997,44.578,816.559081,21210254
Uganda,Africa,2002,47.813,927.7210018,24739869
Uganda,Africa,2007,51.542,1056.380121,29170398
United Kingdom,Europe,1952,69.18,9979.508487,50430000
United Kingdom,Europe,1957,70.42,11283.17795,51430000
United Kingdom,Europe,1962,70.76,12477.17707,53292000
United Kingdom,Europe,1967,71.36,14142.85089,54959000
United Kingdom,Europe,1972,72.01,15895.11641,56079000
United Kingdom,Europe,1977,72.76,17428.74846,56179000
United Kingdom,Europe,1982,74.04,18232.42452,56339704
United Kingdom,Europe,1987,75.007,21664.78767,56981620
United Kingdom,Europe,1992,76.42,22705.09254,57866349
United Kingdom,Europe,1997,77.218,26074.53136,58808266
United Kingdom,Europe,2002,78.471,29478.99919,59912431
United Kingdom,Europe,2007,79.425,33203.26128,60776238
United States,Americas,1952,68.44,13990.48208,157553000
United States,Americas,1957,69.49,14847.12712,171984000
United States,Americas,1962,70.21,16173.14586,186538000
United States,Americas,1967,70.76,19530.36557,198712000
United States,Americas,1972,71.34,21806.03594,209896000
United States,Americas,1977,73.38,24072.63213,220239000
United States,Americas,1982,74.65,25009.55914,232187835
United States,Americas,1987,75.02,29884.35041,242803533
United States,Americas,1992,76.09,32003.93224,256894189
United States,Americas,1997,76.81,35767.43303,272911760
United States,Americas,2002,77.31,39097.09955,287675526
United States,Americas,2007,78.242,42951.65309,301139947
Uruguay,Americas,1952,66.071,5716.766744,2252965
Uruguay,Americas,1957,67.044,6150.772969,2424959
Uruguay,Americas,1962,68.253,5603.357717,2598466
Uruguay,Americas,1967,68.468,5444.61962,2748579
Uruguay,Americas,1972,68.673,5703.408898,2829526
Uruguay,Americas,1977,69.481,6504.339663,2873520
Uruguay,Americas,1982,70.805,6920.223051,2953997
Uruguay,Americas,1987,71.918,7452.398969,3045153
Uruguay,Americas,1992,72.752,8137.004775,3149262
Uruguay,Americas,1997,74.223,9230.240708,3262838
Uruguay,Americas,2002,75.307,7727.002004,3363085
Uruguay,Americas,2007,76.384,10611.46299,3447496
Venezuela,Americas,1952,55.088,7689.799761,5439568
Venezuela,Americas,1957,57.907,9802.466526,6702668
Venezuela,Americas,1962,60.77,8422.974165,8143375
Venezuela,Americas,1967,63.479,9541.474188,9709552
Venezuela,Americas,1972,65.712,10505.25966,11515649
Venezuela,Americas,1977,67.456,13143.95095,13503563
Venezuela,Americas,1982,68.557,11152.41011,15620766
Venezuela,Americas,1987,70.19,9883.584648,17910182
Venezuela,Americas,1992,71.15,10733.92631,20265563
Venezuela,Americas,1997,72.146,10165.49518,22374398
Venezuela,Americas,2002,72.766,8605.047831,24287670
Venezuela,Americas,2007,73.747,11415.80569,26084662
Vietnam,Asia,1952,40.412,605.0664917,26246839
Vietnam,Asia,1957,42.887,676.2854478,28998543
Vietnam,Asia,1962,45.363,772.0491602,33796140
Vietnam,Asia,1967,47.838,637.1232887,39463910
Vietnam,Asia,1972,50.254,699.5016441,44655014
Vietnam,Asia,1977,55.764,713.5371196,50533506
Vietnam,Asia,1982,58.816,707.2357863,56142181
Vietnam,Asia,1987,62.82,820.7994449,62826491
Vietnam,Asia,1992,67.662,989.0231487,69940728
Vietnam,Asia,1997,70.672,1385.896769,76048996
Vietnam,Asia,2002,73.017,1764.456677,80908147
Vietnam,Asia,2007,74.249,2441.576404,85262356
West Bank and Gaza,Asia,1952,43.16,1515.592329,1030585
West Bank and Gaza,Asia,1957,45.671,1827.067742,1070439
West Bank and Gaza,Asia,1962,48.127,2198.956312,1133134
West Bank and Gaza,Asia,1967,51.631,2649.715007,1142636
West Bank and Gaza,Asia,1972,56.532,3133.409277,1089572
West Bank and Gaza,Asia,1977,60.765,3682.831494,1261091
West Bank and Gaza,Asia,1982,64.406,4336.032082,1425876
West Bank and Gaza,Asia,1987,67.046,5107.197384,1691210
West Bank and Gaza,Asia,1992,69.718,6017.654756,2104779
West Bank and Gaza,Asia,1997,71.096,7110.667619,2826046
West Bank and Gaza,Asia,2002,72.37,4515.487575,3389578
West Bank and Gaza,Asia,2007,73.422,3025.349798,4018332
"Yemen, Rep.",Asia,1952,32.548,781.7175761,4963829
"Yemen, Rep.",Asia,1957,33.97,804.8304547,5498090
"Yemen, Rep.",Asia,1962,35.18,825.6232006,6120081
"Yemen, Rep.",Asia,1967,36.984,862.4421463,6740785
"Yemen, Rep.",Asia,1972,39.848,1265.047031,7407075
"Yemen, Rep.",Asia,1977,44.175,1829.765177,8403990
"Yemen, Rep.",Asia,1982,49.113,1977.55701,9657618
"Yemen, Rep.",Asia,1987,52.922,1971.741538,11219340
"Yemen, Rep.",Asia,1992,55.599,1879.496673,13367997
"Yemen, Rep.",Asia,1997,58.02,2117.484526,15826497
"Yemen, Rep.",Asia,2002,60.308,2234.820827,18701257
"Yemen, Rep.",Asia,2007,62.698,2280.769906,22211743
Zambia,Africa,1952,42.038,1147.388831,2672000
Zambia,Africa,1957,44.077,1311.956766,3016000
Zambia,Africa,1962,46.023,1452.725766,3421000
Zambia,Africa,1967,47.768,1777.077318,3900000
Zambia,Africa,1972,50.107,1773.498265,4506497
Zambia,Africa,1977,51.386,1588.688299,5216550
Zambia,Africa,1982,51.821,1408.678565,6100407
Zambia,Africa,1987,50.821,1213.315116,7272406
Zambia,Africa,1992,46.1,1210.884633,8381163
Zambia,Africa,1997,40.238,1071.353818,9417789
Zambia,Africa,2002,39.193,1071.613938,10595811
Zambia,Africa,2007,42.384,1271.211593,11746035
Zimbabwe,Africa,1952,48.451,406.8841148,3080907
Zimbabwe,Africa,1957,50.469,518.7642681,3646340
Zimbabwe,Africa,1962,52.358,527.2721818,4277736
Zimbabwe,Africa,1967,53.995,569.7950712,4995432
Zimbabwe,Africa,1972,55.635,799.3621758,5861135
Zimbabwe,Africa,1977,57.674,685.5876821,6642107
Zimbabwe,Africa,1982,60.363,788.8550411,7636524
Zimbabwe,Africa,1987,62.351,706.1573059,9216418
Zimbabwe,Africa,1992,60.377,693.4207856,10704340
Zimbabwe,Africa,1997,46.809,792.4499603,11404948
Zimbabwe,Africa,2002,39.989,672.0386227,11926563
Zimbabwe,Africa,2007,43.487,469.7092981,12311143
